Fecha,Producto,Categoria,Precio,Cantidad,Inventario_Disponible
2022-01-01,Producto A,Alimentos,400.30606356151407,15,70
2022-01-01,Producto B,Alimentos,228.45804889825965,13,166
2022-01-01,Producto C,Juguetes,80.00474078175098,22,137
2022-01-01,Producto D,Juguetes,469.89082741771756,22,138
2022-01-02,Producto A,Electronica,267.1395835266107,19,64
2022-01-02,Producto B,Ropa,54.397152921082196,22,113
2022-01-02,Producto C,Electronica,32.760702232798884,21,67
2022-01-02,Producto D,Juguetes,471.67886028557785,21,139
2022-01-03,Producto A,Electronica,123.137974554853,16,57
2022-01-03,Producto B,Alimentos,94.94868021880832,18,181
2022-01-03,Producto C,Ropa,218.3263785007099,16,195
2022-01-03,Producto D,Ropa,230.37952535118518,19,144
2022-01-04,Producto A,Juguetes,170.00497671485934,21,89
2022-01-04,Producto B,Electronica,200.45187194784617,17,173
2022-01-04,Producto C,Electronica,79.0528702376337,24,120
2022-01-04,Producto D,Electronica,388.39993695536214,15,188
2022-01-05,Producto A,Alimentos,356.3600984853324,23,54
2022-01-05,Producto B,Ropa,185.64820698669357,14,121
2022-01-05,Producto C,Juguetes,172.1400321777981,11,86
2022-01-05,Producto D,Alimentos,299.7359159767863,17,150
2022-01-06,Producto A,Alimentos,359.48994573926757,24,191
2022-01-06,Producto B,Alimentos,29.81245887383136,23,173
2022-01-06,Producto C,Electronica,108.84240914434413,27,145
2022-01-06,Producto D,Juguetes,454.7075722237856,16,78
2022-01-07,Producto A,Juguetes,471.9982495734107,21,77
2022-01-07,Producto B,Ropa,315.9334835855587,17,77
2022-01-07,Producto C,Juguetes,117.03581423624846,19,177
2022-01-07,Producto D,Ropa,69.82309780332994,18,178
2022-01-08,Producto A,Electronica,327.36815906526755,17,186
2022-01-08,Producto B,Ropa,118.83282713065782,14,108
2022-01-08,Producto C,Ropa,117.19446759080442,21,111
2022-01-08,Producto D,Electronica,134.4185528278289,16,180
2022-01-09,Producto A,Electronica,82.56259567716594,22,102
2022-01-09,Producto B,Juguetes,229.4137506408149,21,172
2022-01-09,Producto C,Electronica,366.8260108198112,18,188
2022-01-09,Producto D,Alimentos,54.241987326660066,25,119
2022-01-10,Producto A,Juguetes,29.97981936183432,21,196
2022-01-10,Producto B,Ropa,260.9255985666477,16,101
2022-01-10,Producto C,Electronica,348.55949167020833,14,91
2022-01-10,Producto D,Alimentos,121.98951068067683,20,178
2022-01-11,Producto A,Juguetes,483.0554821315089,21,58
2022-01-11,Producto B,Electronica,181.11269156020384,26,165
2022-01-11,Producto C,Alimentos,468.4611471682643,24,161
2022-01-11,Producto D,Ropa,470.6653868043114,17,117
2022-01-12,Producto A,Electronica,252.00792043988295,15,185
2022-01-12,Producto B,Alimentos,363.26056288354334,17,164
2022-01-12,Producto C,Ropa,139.94916016404548,18,76
2022-01-12,Producto D,Alimentos,399.45753873540775,20,110
2022-01-13,Producto A,Juguetes,147.57845759601935,18,73
2022-01-13,Producto B,Electronica,219.81023267548403,25,116
2022-01-13,Producto C,Juguetes,192.61656487608417,19,116
2022-01-13,Producto D,Juguetes,44.50390411627651,16,176
2022-01-14,Producto A,Alimentos,154.69238832527998,17,186
2022-01-14,Producto B,Alimentos,357.3663884859581,21,75
2022-01-14,Producto C,Alimentos,135.54140236128444,21,184
2022-01-14,Producto D,Electronica,317.6682633248317,15,193
2022-01-15,Producto A,Ropa,446.1026174906075,18,115
2022-01-15,Producto B,Juguetes,293.35726908812524,20,107
2022-01-15,Producto C,Ropa,24.94512247013422,18,57
2022-01-15,Producto D,Electronica,143.05602875167352,32,55
2022-01-16,Producto A,Electronica,105.24621665748778,19,101
2022-01-16,Producto B,Juguetes,488.16751893664195,20,194
2022-01-16,Producto C,Juguetes,142.70780311841636,19,166
2022-01-16,Producto D,Ropa,419.63025905098084,23,107
2022-01-17,Producto A,Ropa,86.65415090883216,16,97
2022-01-17,Producto B,Electronica,333.4967145916883,23,71
2022-01-17,Producto C,Electronica,215.60403058961705,16,135
2022-01-17,Producto D,Electronica,177.52103669103678,13,143
2022-01-18,Producto A,Ropa,489.96015902453917,15,134
2022-01-18,Producto B,Alimentos,179.6891173338064,19,59
2022-01-18,Producto C,Ropa,321.1958889251455,22,50
2022-01-18,Producto D,Juguetes,332.75987949328305,15,51
2022-01-19,Producto A,Electronica,434.92747744195185,22,189
2022-01-19,Producto B,Ropa,290.9498504192473,14,150
2022-01-19,Producto C,Juguetes,199.1902925223794,15,144
2022-01-19,Producto D,Ropa,18.928694569259367,13,130
2022-01-20,Producto A,Ropa,166.29805884394304,25,164
2022-01-20,Producto B,Electronica,253.05835260376904,23,124
2022-01-20,Producto C,Electronica,29.201300071066665,19,187
2022-01-20,Producto D,Electronica,377.8012283040206,19,145
2022-01-21,Producto A,Juguetes,434.8871375327638,21,62
2022-01-21,Producto B,Alimentos,379.72600830149435,20,135
2022-01-21,Producto C,Electronica,448.8063819631382,18,196
2022-01-21,Producto D,Juguetes,183.90354332673311,20,193
2022-01-22,Producto A,Electronica,54.93503215665573,21,102
2022-01-22,Producto B,Alimentos,392.83506473088926,14,191
2022-01-22,Producto C,Alimentos,37.37686579190152,23,124
2022-01-22,Producto D,Ropa,484.6394525473261,19,186
2022-01-23,Producto A,Ropa,447.02948530062054,14,132
2022-01-23,Producto B,Juguetes,193.39268992049895,18,120
2022-01-23,Producto C,Electronica,300.02548202242934,18,68
2022-01-23,Producto D,Electronica,195.2139191599047,23,68
2022-01-24,Producto A,Alimentos,222.88140379925295,16,175
2022-01-24,Producto B,Ropa,373.0771918462275,23,141
2022-01-24,Producto C,Ropa,206.10921750729216,20,166
2022-01-24,Producto D,Ropa,403.0335320230997,17,196
2022-01-25,Producto A,Juguetes,46.96292807398694,15,192
2022-01-25,Producto B,Alimentos,497.95737376439166,23,61
2022-01-25,Producto C,Ropa,475.7016271975138,26,166
2022-01-25,Producto D,Juguetes,93.1431529088271,22,109
2022-01-26,Producto A,Ropa,140.30958323247708,18,194
2022-01-26,Producto B,Electronica,161.6685319803006,25,190
2022-01-26,Producto C,Ropa,47.33818600358994,29,96
2022-01-26,Producto D,Electronica,214.93908778240325,28,158
2022-01-27,Producto A,Electronica,22.919817503653483,18,60
2022-01-27,Producto B,Electronica,377.2933669882753,18,147
2022-01-27,Producto C,Electronica,213.26155614545593,17,55
2022-01-27,Producto D,Juguetes,408.321494473738,21,132
2022-01-28,Producto A,Electronica,128.1315678415196,16,53
2022-01-28,Producto B,Ropa,440.3281270648042,24,144
2022-01-28,Producto C,Juguetes,20.870523594847796,20,52
2022-01-28,Producto D,Alimentos,160.81084748781421,13,194
2022-01-29,Producto A,Juguetes,245.22252383905283,19,191
2022-01-29,Producto B,Ropa,404.4718870844873,27,87
2022-01-29,Producto C,Ropa,299.05966655877023,18,101
2022-01-29,Producto D,Electronica,261.8548496883073,24,155
2022-01-30,Producto A,Alimentos,351.84451703179707,24,194
2022-01-30,Producto B,Ropa,386.7696932445448,11,55
2022-01-30,Producto C,Electronica,180.23257003045296,16,164
2022-01-30,Producto D,Alimentos,73.15106373621812,14,167
2022-01-31,Producto A,Juguetes,324.02862495357516,15,145
2022-01-31,Producto B,Alimentos,262.4656668834633,16,141
2022-01-31,Producto C,Ropa,96.73513729560594,13,61
2022-01-31,Producto D,Ropa,448.1664588190036,14,122
2022-02-01,Producto A,Ropa,401.7110954654309,22,143
2022-02-01,Producto B,Alimentos,461.22747626058845,11,50
2022-02-01,Producto C,Juguetes,376.6472482879926,15,176
2022-02-01,Producto D,Juguetes,247.41626274360044,22,179
2022-02-02,Producto A,Electronica,40.54726763050831,14,52
2022-02-02,Producto B,Alimentos,423.7759295904781,23,67
2022-02-02,Producto C,Ropa,183.53186868863148,19,168
2022-02-02,Producto D,Electronica,99.31910045321945,21,135
2022-02-03,Producto A,Ropa,272.31442636760653,16,74
2022-02-03,Producto B,Juguetes,184.00110860685933,22,160
2022-02-03,Producto C,Ropa,297.55214783023075,23,132
2022-02-03,Producto D,Ropa,149.05019384137498,18,108
2022-02-04,Producto A,Electronica,171.87075582764786,28,70
2022-02-04,Producto B,Ropa,189.02484164028826,20,111
2022-02-04,Producto C,Ropa,94.95306169442986,27,80
2022-02-04,Producto D,Juguetes,351.51111655954656,21,128
2022-02-05,Producto A,Ropa,487.78290984311985,20,111
2022-02-05,Producto B,Electronica,362.04406270991126,20,93
2022-02-05,Producto C,Electronica,101.65143679318645,18,69
2022-02-05,Producto D,Electronica,269.62161135874715,23,87
2022-02-06,Producto A,Electronica,257.99093861608003,28,52
2022-02-06,Producto B,Electronica,190.9229359398491,19,187
2022-02-06,Producto C,Juguetes,108.84792654181555,22,112
2022-02-06,Producto D,Electronica,11.32834071302154,14,87
2022-02-07,Producto A,Alimentos,399.2018304835666,23,166
2022-02-07,Producto B,Juguetes,495.55544346412137,16,50
2022-02-07,Producto C,Juguetes,363.58230986812583,15,127
2022-02-07,Producto D,Ropa,454.8544039266328,17,195
2022-02-08,Producto A,Juguetes,231.45481463652922,22,112
2022-02-08,Producto B,Alimentos,292.9682727440016,18,102
2022-02-08,Producto C,Juguetes,122.2224415531502,21,116
2022-02-08,Producto D,Alimentos,367.96907703655774,23,160
2022-02-09,Producto A,Electronica,252.75757693794316,23,87
2022-02-09,Producto B,Electronica,162.74381321981863,16,135
2022-02-09,Producto C,Ropa,383.60475601293837,26,87
2022-02-09,Producto D,Electronica,64.20955110805154,25,64
2022-02-10,Producto A,Electronica,274.53171218529,20,179
2022-02-10,Producto B,Alimentos,324.16234011379566,23,92
2022-02-10,Producto C,Alimentos,179.39103681692052,21,96
2022-02-10,Producto D,Ropa,474.1688364097895,15,160
2022-02-11,Producto A,Juguetes,437.34071538263424,28,117
2022-02-11,Producto B,Electronica,462.02469677687486,23,141
2022-02-11,Producto C,Alimentos,307.2903727275994,19,89
2022-02-11,Producto D,Electronica,463.5285713243204,19,198
2022-02-12,Producto A,Ropa,421.0600623585077,26,192
2022-02-12,Producto B,Electronica,195.85979220891892,23,106
2022-02-12,Producto C,Electronica,305.8235505477681,14,139
2022-02-12,Producto D,Alimentos,462.25051358125756,19,140
2022-02-13,Producto A,Electronica,297.66342982691793,16,137
2022-02-13,Producto B,Electronica,187.57301056715022,21,163
2022-02-13,Producto C,Electronica,262.4351043793382,21,112
2022-02-13,Producto D,Electronica,100.38680699523948,17,172
2022-02-14,Producto A,Juguetes,450.0466018259497,16,79
2022-02-14,Producto B,Juguetes,286.77215529868204,19,162
2022-02-14,Producto C,Ropa,253.535854922412,24,57
2022-02-14,Producto D,Electronica,46.99664826390572,24,159
2022-02-15,Producto A,Ropa,210.27974383806725,23,114
2022-02-15,Producto B,Electronica,118.76635934714523,16,121
2022-02-15,Producto C,Ropa,176.24291048913358,21,141
2022-02-15,Producto D,Alimentos,363.1984171921482,21,193
2022-02-16,Producto A,Juguetes,472.76076553286396,14,104
2022-02-16,Producto B,Juguetes,52.59325732567117,22,134
2022-02-16,Producto C,Alimentos,70.16067593472717,26,131
2022-02-16,Producto D,Ropa,456.20576173474893,22,179
2022-02-17,Producto A,Alimentos,299.24452183225577,17,186
2022-02-17,Producto B,Ropa,431.92332978761357,24,169
2022-02-17,Producto C,Alimentos,448.3305911781048,24,164
2022-02-17,Producto D,Electronica,141.65190609862358,20,152
2022-02-18,Producto A,Electronica,78.28447629568383,20,86
2022-02-18,Producto B,Alimentos,413.06609919672024,20,90
2022-02-18,Producto C,Ropa,42.91594595869795,19,125
2022-02-18,Producto D,Alimentos,62.223577763050436,14,80
2022-02-19,Producto A,Ropa,368.77044344494055,16,102
2022-02-19,Producto B,Alimentos,290.9142453079063,25,171
2022-02-19,Producto C,Ropa,33.01332371977698,15,100
2022-02-19,Producto D,Electronica,305.5445336385302,16,89
2022-02-20,Producto A,Alimentos,184.27963106782508,23,103
2022-02-20,Producto B,Ropa,204.3581927955066,30,105
2022-02-20,Producto C,Electronica,142.2564989721755,20,130
2022-02-20,Producto D,Ropa,478.0657932345047,15,122
2022-02-21,Producto A,Electronica,182.25467895576722,19,153
2022-02-21,Producto B,Ropa,235.24394125295424,12,157
2022-02-21,Producto C,Juguetes,484.1727002214724,17,98
2022-02-21,Producto D,Electronica,397.1066438080095,23,61
2022-02-22,Producto A,Ropa,479.50368857192586,24,130
2022-02-22,Producto B,Alimentos,364.8106313438379,27,108
2022-02-22,Producto C,Ropa,35.2819452627679,22,65
2022-02-22,Producto D,Alimentos,499.6832147872591,21,184
2022-02-23,Producto A,Ropa,69.05606360536757,23,121
2022-02-23,Producto B,Ropa,216.66370326795115,24,165
2022-02-23,Producto C,Alimentos,233.0204056677165,20,63
2022-02-23,Producto D,Alimentos,188.70165223407986,21,180
2022-02-24,Producto A,Electronica,269.8299149911011,19,88
2022-02-24,Producto B,Alimentos,403.94871990643986,20,190
2022-02-24,Producto C,Ropa,264.8823738405786,19,104
2022-02-24,Producto D,Alimentos,436.34844821145566,20,172
2022-02-25,Producto A,Alimentos,14.647862477964058,10,111
2022-02-25,Producto B,Electronica,245.09285015968734,21,170
2022-02-25,Producto C,Ropa,54.932674204600765,18,114
2022-02-25,Producto D,Ropa,11.63971740105982,19,117
2022-02-26,Producto A,Ropa,124.46779801445587,9,122
2022-02-26,Producto B,Alimentos,198.32005710824401,22,86
2022-02-26,Producto C,Electronica,136.9014992848887,26,111
2022-02-26,Producto D,Electronica,494.7006058085459,23,121
2022-02-27,Producto A,Juguetes,420.53461028879025,16,159
2022-02-27,Producto B,Ropa,33.00322500242837,18,52
2022-02-27,Producto C,Juguetes,181.56137699169776,19,111
2022-02-27,Producto D,Electronica,85.40899410652898,25,169
2022-02-28,Producto A,Electronica,273.1174672177726,21,147
2022-02-28,Producto B,Alimentos,439.95582268888637,17,186
2022-02-28,Producto C,Alimentos,478.26923413257913,22,173
2022-02-28,Producto D,Alimentos,12.490248510832723,23,195
2022-03-01,Producto A,Ropa,481.4397665701044,26,164
2022-03-01,Producto B,Ropa,289.9462815405913,22,82
2022-03-01,Producto C,Ropa,265.4175529684033,26,108
2022-03-01,Producto D,Alimentos,88.59605161173533,18,149
2022-03-02,Producto A,Alimentos,352.50546163939794,31,80
2022-03-02,Producto B,Alimentos,12.521133669810236,25,88
2022-03-02,Producto C,Alimentos,10.548854625253648,21,61
2022-03-02,Producto D,Alimentos,104.6351036477736,12,66
2022-03-03,Producto A,Juguetes,137.30375472143828,22,119
2022-03-03,Producto B,Alimentos,382.9036722259937,18,86
2022-03-03,Producto C,Electronica,396.5154211166647,15,117
2022-03-03,Producto D,Alimentos,91.52501759681344,24,167
2022-03-04,Producto A,Electronica,38.381025673811166,19,174
2022-03-04,Producto B,Juguetes,22.04758906481274,20,107
2022-03-04,Producto C,Alimentos,228.49232612460668,19,88
2022-03-04,Producto D,Alimentos,399.4566788874654,23,179
2022-03-05,Producto A,Alimentos,343.4446580166094,22,130
2022-03-05,Producto B,Ropa,84.01836697264112,19,150
2022-03-05,Producto C,Alimentos,482.6150314124022,24,50
2022-03-05,Producto D,Ropa,448.10860980277585,16,113
2022-03-06,Producto A,Electronica,329.31674443418365,18,76
2022-03-06,Producto B,Juguetes,88.03041175683958,16,57
2022-03-06,Producto C,Alimentos,232.3098809565885,20,142
2022-03-06,Producto D,Juguetes,154.14230693830416,15,66
2022-03-07,Producto A,Ropa,345.926990742196,19,112
2022-03-07,Producto B,Ropa,295.1659869380554,17,188
2022-03-07,Producto C,Juguetes,233.05787305008258,18,144
2022-03-07,Producto D,Ropa,152.9146635675586,24,137
2022-03-08,Producto A,Electronica,128.60205777263846,20,197
2022-03-08,Producto B,Electronica,284.2278549085879,20,126
2022-03-08,Producto C,Juguetes,185.32266195485298,16,192
2022-03-08,Producto D,Ropa,30.17991268684312,21,90
2022-03-09,Producto A,Ropa,468.2488894967352,30,133
2022-03-09,Producto B,Ropa,310.0064130817674,20,181
2022-03-09,Producto C,Ropa,410.4759072816219,19,90
2022-03-09,Producto D,Juguetes,368.4788656601126,12,136
2022-03-10,Producto A,Juguetes,88.17689325546229,26,104
2022-03-10,Producto B,Ropa,175.07893796784236,15,81
2022-03-10,Producto C,Alimentos,89.2195466319333,18,108
2022-03-10,Producto D,Alimentos,49.94797988068908,19,146
2022-03-11,Producto A,Alimentos,236.685248802265,23,53
2022-03-11,Producto B,Juguetes,191.8089938624553,26,166
2022-03-11,Producto C,Ropa,248.4677812981044,19,164
2022-03-11,Producto D,Ropa,457.0580393521786,16,89
2022-03-12,Producto A,Electronica,369.2253809834877,14,136
2022-03-12,Producto B,Ropa,126.39622921270005,34,118
2022-03-12,Producto C,Ropa,251.21614965953705,19,133
2022-03-12,Producto D,Ropa,56.678138897766885,22,77
2022-03-13,Producto A,Ropa,430.41326442212585,21,96
2022-03-13,Producto B,Alimentos,125.66472703976734,12,142
2022-03-13,Producto C,Ropa,338.00129671508705,14,57
2022-03-13,Producto D,Alimentos,474.80584387720256,16,77
2022-03-14,Producto A,Electronica,306.7136972459926,18,98
2022-03-14,Producto B,Electronica,355.63894111497973,19,183
2022-03-14,Producto C,Juguetes,274.5538613560841,14,75
2022-03-14,Producto D,Electronica,323.6014537500877,16,108
2022-03-15,Producto A,Electronica,60.62138899076768,21,69
2022-03-15,Producto B,Electronica,245.14956998011587,22,99
2022-03-15,Producto C,Electronica,435.27996431481085,19,87
2022-03-15,Producto D,Juguetes,71.61334078525792,14,173
2022-03-16,Producto A,Alimentos,89.56712838453724,15,145
2022-03-16,Producto B,Ropa,435.38970464497766,15,104
2022-03-16,Producto C,Alimentos,472.8609675422714,22,194
2022-03-16,Producto D,Ropa,435.76344239457194,21,121
2022-03-17,Producto A,Electronica,347.86810800546493,22,191
2022-03-17,Producto B,Electronica,336.81604332554457,21,112
2022-03-17,Producto C,Electronica,434.55494708854627,13,117
2022-03-17,Producto D,Ropa,208.02875760900616,18,131
2022-03-18,Producto A,Electronica,400.9286879407309,19,137
2022-03-18,Producto B,Ropa,276.7996580008163,18,198
2022-03-18,Producto C,Alimentos,200.3934696224694,19,84
2022-03-18,Producto D,Juguetes,17.186857952669268,21,123
2022-03-19,Producto A,Ropa,237.11208146228046,18,97
2022-03-19,Producto B,Ropa,244.79912003856816,18,86
2022-03-19,Producto C,Alimentos,271.46524789617047,21,119
2022-03-19,Producto D,Ropa,361.88030735098226,31,156
2022-03-20,Producto A,Alimentos,449.39000202165994,22,117
2022-03-20,Producto B,Electronica,244.79978242736397,15,166
2022-03-20,Producto C,Juguetes,338.34705695936145,28,185
2022-03-20,Producto D,Juguetes,53.91690618592163,23,126
2022-03-21,Producto A,Juguetes,413.3552676418735,20,157
2022-03-21,Producto B,Ropa,401.8927367577706,15,91
2022-03-21,Producto C,Juguetes,481.83416886641413,20,178
2022-03-21,Producto D,Juguetes,31.27214109886139,21,186
2022-03-22,Producto A,Ropa,113.90197155503105,21,174
2022-03-22,Producto B,Ropa,451.0113304650255,18,86
2022-03-22,Producto C,Juguetes,144.6549574185867,25,138
2022-03-22,Producto D,Ropa,385.6615062481989,14,118
2022-03-23,Producto A,Alimentos,125.26543655297256,26,198
2022-03-23,Producto B,Electronica,97.43852296160834,17,60
2022-03-23,Producto C,Ropa,135.87308534640027,22,51
2022-03-23,Producto D,Juguetes,76.85547875279923,23,167
2022-03-24,Producto A,Electronica,361.62290517250636,14,151
2022-03-24,Producto B,Ropa,453.7071482415402,24,146
2022-03-24,Producto C,Juguetes,104.01498911218403,17,62
2022-03-24,Producto D,Electronica,417.6129254931968,22,198
2022-03-25,Producto A,Juguetes,441.23875290511455,22,174
2022-03-25,Producto B,Ropa,173.170937398517,22,147
2022-03-25,Producto C,Alimentos,237.95075001902188,11,85
2022-03-25,Producto D,Electronica,95.89844175525323,23,155
2022-03-26,Producto A,Ropa,217.11766556413286,25,193
2022-03-26,Producto B,Juguetes,490.8058234287089,20,72
2022-03-26,Producto C,Juguetes,487.34066802772765,24,79
2022-03-26,Producto D,Electronica,55.53528074590106,16,81
2022-03-27,Producto A,Electronica,308.15834220329776,20,191
2022-03-27,Producto B,Juguetes,158.532894413211,17,134
2022-03-27,Producto C,Ropa,469.10933328522077,21,104
2022-03-27,Producto D,Ropa,460.5020668750645,25,98
2022-03-28,Producto A,Ropa,274.468983192372,22,183
2022-03-28,Producto B,Alimentos,397.1149137904601,17,198
2022-03-28,Producto C,Alimentos,95.02701234338925,23,69
2022-03-28,Producto D,Ropa,324.0763178992127,25,103
2022-03-29,Producto A,Electronica,462.1510233515632,20,103
2022-03-29,Producto B,Ropa,95.67092735760215,20,74
2022-03-29,Producto C,Electronica,190.09186692285041,12,74
2022-03-29,Producto D,Alimentos,481.9264046786952,19,127
2022-03-30,Producto A,Juguetes,225.36072743012596,13,142
2022-03-30,Producto B,Alimentos,313.5980978999365,22,54
2022-03-30,Producto C,Alimentos,103.97340324001168,16,105
2022-03-30,Producto D,Alimentos,492.0026733790727,16,122
2022-03-31,Producto A,Juguetes,158.6048223081218,13,146
2022-03-31,Producto B,Juguetes,320.2629167465974,16,173
2022-03-31,Producto C,Juguetes,95.13877187452431,22,112
2022-03-31,Producto D,Electronica,444.4360654678287,19,56
2022-04-01,Producto A,Alimentos,212.92357873917425,24,179
2022-04-01,Producto B,Ropa,245.85863430130857,24,182
2022-04-01,Producto C,Electronica,168.51519350662213,25,131
2022-04-01,Producto D,Electronica,480.1925557173064,20,188
2022-04-02,Producto A,Alimentos,254.67357913952296,17,83
2022-04-02,Producto B,Juguetes,129.30420451838495,22,91
2022-04-02,Producto C,Electronica,478.5488734179847,14,169
2022-04-02,Producto D,Electronica,471.98725929249827,25,146
2022-04-03,Producto A,Ropa,465.85625357053357,16,77
2022-04-03,Producto B,Alimentos,252.77153069588107,18,128
2022-04-03,Producto C,Electronica,42.65949987473808,20,136
2022-04-03,Producto D,Electronica,33.43710199311168,22,66
2022-04-04,Producto A,Electronica,259.2038518293134,18,188
2022-04-04,Producto B,Juguetes,389.5802302787791,22,54
2022-04-04,Producto C,Electronica,333.5483326536557,24,87
2022-04-04,Producto D,Alimentos,50.2641170634494,33,153
2022-04-05,Producto A,Electronica,488.2355163034083,22,85
2022-04-05,Producto B,Ropa,137.7495169607591,20,59
2022-04-05,Producto C,Electronica,71.36444951208529,20,62
2022-04-05,Producto D,Electronica,460.9456187975098,20,60
2022-04-06,Producto A,Ropa,175.75107793730422,28,108
2022-04-06,Producto B,Ropa,225.30844495028157,16,81
2022-04-06,Producto C,Alimentos,444.5932011025421,22,81
2022-04-06,Producto D,Ropa,432.07129821808365,16,198
2022-04-07,Producto A,Ropa,422.57929091613016,23,135
2022-04-07,Producto B,Ropa,492.48817236700904,29,51
2022-04-07,Producto C,Electronica,345.79602789677796,20,93
2022-04-07,Producto D,Electronica,212.5740601546781,21,72
2022-04-08,Producto A,Electronica,55.940891116322746,21,160
2022-04-08,Producto B,Juguetes,236.16316246569704,13,155
2022-04-08,Producto C,Ropa,109.97746096816043,21,115
2022-04-08,Producto D,Electronica,193.8773531769065,20,139
2022-04-09,Producto A,Ropa,27.302563920717144,23,170
2022-04-09,Producto B,Juguetes,170.19649200565877,14,105
2022-04-09,Producto C,Alimentos,498.2038254373512,18,69
2022-04-09,Producto D,Ropa,444.2359324278865,21,103
2022-04-10,Producto A,Juguetes,97.40256631059161,15,66
2022-04-10,Producto B,Alimentos,438.3886105990165,20,129
2022-04-10,Producto C,Ropa,285.12744810016665,21,131
2022-04-10,Producto D,Alimentos,142.21215286282504,25,159
2022-04-11,Producto A,Alimentos,38.689955329549804,18,166
2022-04-11,Producto B,Alimentos,414.31402715639643,20,143
2022-04-11,Producto C,Alimentos,370.39774717889344,16,162
2022-04-11,Producto D,Alimentos,402.66978875156434,24,167
2022-04-12,Producto A,Electronica,95.00523639031904,22,96
2022-04-12,Producto B,Alimentos,346.09652281443323,16,187
2022-04-12,Producto C,Ropa,90.99411437538552,23,167
2022-04-12,Producto D,Electronica,351.8586074848368,28,196
2022-04-13,Producto A,Ropa,427.83672973909853,16,113
2022-04-13,Producto B,Electronica,245.64394036900413,19,149
2022-04-13,Producto C,Ropa,319.2736165187861,27,149
2022-04-13,Producto D,Ropa,38.067323028035446,16,106
2022-04-14,Producto A,Alimentos,462.08529846301695,20,157
2022-04-14,Producto B,Ropa,148.27166659966807,17,63
2022-04-14,Producto C,Juguetes,487.66897986274483,18,119
2022-04-14,Producto D,Juguetes,86.6270841576895,25,131
2022-04-15,Producto A,Ropa,285.3764952587353,18,56
2022-04-15,Producto B,Ropa,450.91833938676353,29,169
2022-04-15,Producto C,Juguetes,315.9684687711467,14,98
2022-04-15,Producto D,Alimentos,161.26238425286567,15,166
2022-04-16,Producto A,Juguetes,214.81506759653732,13,82
2022-04-16,Producto B,Electronica,490.4532427805419,16,92
2022-04-16,Producto C,Electronica,397.9329943421423,21,147
2022-04-16,Producto D,Electronica,220.0289680155331,14,106
2022-04-17,Producto A,Ropa,57.805630017256874,26,135
2022-04-17,Producto B,Juguetes,40.51382188212395,20,187
2022-04-17,Producto C,Alimentos,35.45872300159152,24,184
2022-04-17,Producto D,Electronica,90.70611318182499,18,192
2022-04-18,Producto A,Juguetes,71.8643535683806,22,63
2022-04-18,Producto B,Alimentos,473.8525975578075,21,162
2022-04-18,Producto C,Alimentos,280.73167124353535,13,93
2022-04-18,Producto D,Electronica,201.4568991506705,24,72
2022-04-19,Producto A,Electronica,204.7168813378051,13,60
2022-04-19,Producto B,Juguetes,101.49441492879032,13,90
2022-04-19,Producto C,Juguetes,145.4564283858641,17,192
2022-04-19,Producto D,Juguetes,449.50938590753185,20,61
2022-04-20,Producto A,Ropa,165.21322176308806,14,57
2022-04-20,Producto B,Electronica,368.9912650034081,25,159
2022-04-20,Producto C,Ropa,429.8682286767961,14,168
2022-04-20,Producto D,Juguetes,494.3238348119175,20,62
2022-04-21,Producto A,Ropa,91.31789869493466,26,177
2022-04-21,Producto B,Alimentos,346.5618888607642,13,197
2022-04-21,Producto C,Ropa,112.77894436500387,18,183
2022-04-21,Producto D,Alimentos,382.1953809561696,22,180
2022-04-22,Producto A,Juguetes,174.25194321172765,15,83
2022-04-22,Producto B,Electronica,372.4389373561142,15,72
2022-04-22,Producto C,Juguetes,292.8523680766204,23,143
2022-04-22,Producto D,Alimentos,134.44768854029212,13,96
2022-04-23,Producto A,Alimentos,91.89468562089841,12,116
2022-04-23,Producto B,Juguetes,434.5293919831576,16,70
2022-04-23,Producto C,Alimentos,383.9460927168558,19,194
2022-04-23,Producto D,Alimentos,405.62405486657616,22,140
2022-04-24,Producto A,Ropa,229.05721646514846,19,121
2022-04-24,Producto B,Ropa,196.39626899550072,36,133
2022-04-24,Producto C,Electronica,30.592090833988593,17,132
2022-04-24,Producto D,Ropa,456.27737920551846,23,168
2022-04-25,Producto A,Electronica,147.94538722331566,26,110
2022-04-25,Producto B,Juguetes,57.301890395766,16,169
2022-04-25,Producto C,Juguetes,157.61997777240018,21,127
2022-04-25,Producto D,Ropa,303.4160652279108,26,135
2022-04-26,Producto A,Electronica,494.6238955915852,22,111
2022-04-26,Producto B,Electronica,149.79226579508506,19,99
2022-04-26,Producto C,Electronica,265.5083876313588,21,186
2022-04-26,Producto D,Juguetes,435.5902380969415,19,196
2022-04-27,Producto A,Ropa,90.7640909199134,19,181
2022-04-27,Producto B,Alimentos,261.0582509974374,13,116
2022-04-27,Producto C,Ropa,138.71106487333935,17,154
2022-04-27,Producto D,Electronica,141.78988345497083,19,194
2022-04-28,Producto A,Electronica,241.52174395319165,9,173
2022-04-28,Producto B,Ropa,486.0510185415148,18,191
2022-04-28,Producto C,Alimentos,229.25938924800434,20,98
2022-04-28,Producto D,Ropa,34.25345821189664,17,111
2022-04-29,Producto A,Ropa,153.8095233719796,28,86
2022-04-29,Producto B,Electronica,312.3625928977226,14,90
2022-04-29,Producto C,Alimentos,251.83782436665814,14,50
2022-04-29,Producto D,Juguetes,216.69580748402737,19,158
2022-04-30,Producto A,Juguetes,340.55784792894593,17,57
2022-04-30,Producto B,Electronica,321.8366713898694,10,133
2022-04-30,Producto C,Ropa,135.78017187192245,22,131
2022-04-30,Producto D,Electronica,69.3022502377446,19,125
2022-05-01,Producto A,Ropa,167.32973757265455,23,78
2022-05-01,Producto B,Electronica,326.7605441610574,26,191
2022-05-01,Producto C,Ropa,78.04694993429334,14,52
2022-05-01,Producto D,Juguetes,322.55977540518063,23,180
2022-05-02,Producto A,Juguetes,495.7189810994803,25,61
2022-05-02,Producto B,Alimentos,229.93800512060704,12,150
2022-05-02,Producto C,Electronica,405.93108865421095,16,87
2022-05-02,Producto D,Juguetes,199.82236697764307,25,168
2022-05-03,Producto A,Electronica,160.0936144013242,24,147
2022-05-03,Producto B,Juguetes,412.9869630974564,19,97
2022-05-03,Producto C,Juguetes,191.8744874844375,21,83
2022-05-03,Producto D,Juguetes,91.15789004385002,22,114
2022-05-04,Producto A,Electronica,473.85577265683764,18,195
2022-05-04,Producto B,Juguetes,13.288091248989378,18,188
2022-05-04,Producto C,Electronica,59.61735816142787,25,165
2022-05-04,Producto D,Juguetes,494.13762341624,19,158
2022-05-05,Producto A,Ropa,247.93895283310493,32,156
2022-05-05,Producto B,Juguetes,212.93360992083112,19,174
2022-05-05,Producto C,Alimentos,249.04708662427916,18,84
2022-05-05,Producto D,Alimentos,227.6225794512183,13,175
2022-05-06,Producto A,Juguetes,25.15944591835757,20,102
2022-05-06,Producto B,Alimentos,420.8891153023858,18,158
2022-05-06,Producto C,Alimentos,96.8137533832141,20,70
2022-05-06,Producto D,Juguetes,417.0373701548377,21,73
2022-05-07,Producto A,Electronica,227.58143710907942,22,66
2022-05-07,Producto B,Alimentos,441.35423345297426,22,68
2022-05-07,Producto C,Electronica,368.1008340687863,14,147
2022-05-07,Producto D,Alimentos,183.1957628679234,19,188
2022-05-08,Producto A,Alimentos,71.16219884375568,24,95
2022-05-08,Producto B,Ropa,472.58062597444496,14,97
2022-05-08,Producto C,Juguetes,246.86964362684185,26,151
2022-05-08,Producto D,Alimentos,109.57931463218276,24,131
2022-05-09,Producto A,Juguetes,415.4842718320885,24,158
2022-05-09,Producto B,Alimentos,108.23251260891736,19,145
2022-05-09,Producto C,Juguetes,40.60422087334501,26,62
2022-05-09,Producto D,Alimentos,317.030330435673,28,71
2022-05-10,Producto A,Electronica,24.969233975756186,26,113
2022-05-10,Producto B,Ropa,325.7904357893065,25,84
2022-05-10,Producto C,Juguetes,269.00327376387656,13,116
2022-05-10,Producto D,Electronica,177.47337832101323,22,190
2022-05-11,Producto A,Juguetes,469.17460394480946,26,153
2022-05-11,Producto B,Alimentos,248.9376267369333,12,151
2022-05-11,Producto C,Alimentos,180.92206164504486,30,110
2022-05-11,Producto D,Alimentos,266.0625336750051,17,168
2022-05-12,Producto A,Ropa,399.31261680046686,23,62
2022-05-12,Producto B,Juguetes,154.6923420834922,16,185
2022-05-12,Producto C,Alimentos,465.3217462796084,19,102
2022-05-12,Producto D,Alimentos,120.75420892983986,21,106
2022-05-13,Producto A,Electronica,70.23113244803992,26,123
2022-05-13,Producto B,Ropa,412.5016759048707,21,163
2022-05-13,Producto C,Ropa,236.95463120815745,16,128
2022-05-13,Producto D,Ropa,286.0115761673692,23,83
2022-05-14,Producto A,Ropa,413.651264149571,23,98
2022-05-14,Producto B,Alimentos,60.34664370168745,15,67
2022-05-14,Producto C,Juguetes,300.808023858208,27,57
2022-05-14,Producto D,Electronica,176.7816656898237,29,188
2022-05-15,Producto A,Electronica,186.51462021220965,17,149
2022-05-15,Producto B,Ropa,447.01735095726,19,161
2022-05-15,Producto C,Juguetes,482.398424080153,13,109
2022-05-15,Producto D,Alimentos,423.681864178851,22,198
2022-05-16,Producto A,Alimentos,336.52885265332117,30,143
2022-05-16,Producto B,Electronica,61.62881190291967,24,91
2022-05-16,Producto C,Electronica,186.4247282914794,31,90
2022-05-16,Producto D,Alimentos,234.27280652805405,16,154
2022-05-17,Producto A,Juguetes,430.88877585610845,15,149
2022-05-17,Producto B,Alimentos,362.6303701391599,18,103
2022-05-17,Producto C,Juguetes,327.37945382083154,24,186
2022-05-17,Producto D,Juguetes,466.09557568508,14,119
2022-05-18,Producto A,Juguetes,35.5773282320361,22,114
2022-05-18,Producto B,Juguetes,51.81725487731917,21,123
2022-05-18,Producto C,Ropa,128.52555294153152,27,130
2022-05-18,Producto D,Juguetes,474.9345183572539,18,165
2022-05-19,Producto A,Juguetes,365.1796846643584,26,139
2022-05-19,Producto B,Ropa,383.5314256907499,19,153
2022-05-19,Producto C,Juguetes,488.24677340681467,14,183
2022-05-19,Producto D,Alimentos,18.600658049648167,17,56
2022-05-20,Producto A,Juguetes,324.5113798391242,21,166
2022-05-20,Producto B,Juguetes,278.70719773587047,26,124
2022-05-20,Producto C,Juguetes,393.7672225163267,24,108
2022-05-20,Producto D,Juguetes,450.73305414758977,21,173
2022-05-21,Producto A,Alimentos,339.1047179575546,16,124
2022-05-21,Producto B,Alimentos,285.03383604471736,24,139
2022-05-21,Producto C,Juguetes,313.6699400022137,17,153
2022-05-21,Producto D,Juguetes,200.20119600222782,22,98
2022-05-22,Producto A,Alimentos,459.5680631346752,17,96
2022-05-22,Producto B,Alimentos,356.78346163108847,11,54
2022-05-22,Producto C,Juguetes,319.15167721229005,19,64
2022-05-22,Producto D,Juguetes,255.2957498658067,22,87
2022-05-23,Producto A,Ropa,405.4130905331569,19,190
2022-05-23,Producto B,Alimentos,31.510971895072508,15,157
2022-05-23,Producto C,Electronica,77.12954089629898,18,65
2022-05-23,Producto D,Juguetes,476.20060707729783,17,68
2022-05-24,Producto A,Alimentos,45.80996539323735,31,57
2022-05-24,Producto B,Electronica,428.5687341070253,24,143
2022-05-24,Producto C,Electronica,234.53497869248858,21,85
2022-05-24,Producto D,Electronica,194.72291554387724,21,153
2022-05-25,Producto A,Ropa,262.1949723895051,24,170
2022-05-25,Producto B,Electronica,245.6361718354744,22,58
2022-05-25,Producto C,Ropa,204.9399464960569,18,166
2022-05-25,Producto D,Ropa,460.02895175125025,30,66
2022-05-26,Producto A,Ropa,496.29672179364167,18,131
2022-05-26,Producto B,Juguetes,425.1631171837111,35,108
2022-05-26,Producto C,Alimentos,378.3683647891557,14,117
2022-05-26,Producto D,Electronica,362.38834950283876,21,125
2022-05-27,Producto A,Ropa,421.43323129730726,14,120
2022-05-27,Producto B,Ropa,447.3535314683725,19,155
2022-05-27,Producto C,Juguetes,253.79452755159008,16,90
2022-05-27,Producto D,Juguetes,172.46670254292493,25,117
2022-05-28,Producto A,Ropa,470.9844150465229,20,73
2022-05-28,Producto B,Alimentos,419.5547046761528,18,73
2022-05-28,Producto C,Juguetes,330.7788365643177,15,165
2022-05-28,Producto D,Alimentos,466.1948857337969,18,106
2022-05-29,Producto A,Electronica,214.11725595632316,20,187
2022-05-29,Producto B,Juguetes,120.80141231233925,17,52
2022-05-29,Producto C,Juguetes,10.722172822292594,16,190
2022-05-29,Producto D,Alimentos,308.7191957118819,16,175
2022-05-30,Producto A,Juguetes,451.9506964070835,24,198
2022-05-30,Producto B,Juguetes,333.8969845811869,12,81
2022-05-30,Producto C,Alimentos,141.81962693117214,20,59
2022-05-30,Producto D,Ropa,140.0098074021788,21,172
2022-05-31,Producto A,Electronica,284.4449317472638,24,100
2022-05-31,Producto B,Juguetes,486.48579952965065,19,64
2022-05-31,Producto C,Juguetes,58.13514617264944,24,171
2022-05-31,Producto D,Alimentos,426.73109123281046,18,122
2022-06-01,Producto A,Electronica,114.56274050808787,22,130
2022-06-01,Producto B,Alimentos,384.7123793233768,22,114
2022-06-01,Producto C,Electronica,196.45367783624832,15,177
2022-06-01,Producto D,Juguetes,198.3339688768261,33,181
2022-06-02,Producto A,Juguetes,355.38679492125704,25,132
2022-06-02,Producto B,Electronica,257.3498431692188,15,196
2022-06-02,Producto C,Juguetes,121.096417341682,22,51
2022-06-02,Producto D,Juguetes,410.04128463286503,20,168
2022-06-03,Producto A,Alimentos,426.8333276963747,16,162
2022-06-03,Producto B,Juguetes,150.94003723140233,17,194
2022-06-03,Producto C,Ropa,173.6844831776969,23,167
2022-06-03,Producto D,Juguetes,394.04232281721255,17,68
2022-06-04,Producto A,Ropa,172.90351700286888,11,82
2022-06-04,Producto B,Electronica,394.5822932498513,23,196
2022-06-04,Producto C,Juguetes,377.96050119802595,13,131
2022-06-04,Producto D,Alimentos,221.68927452130794,20,55
2022-06-05,Producto A,Ropa,65.51871731645745,19,120
2022-06-05,Producto B,Alimentos,306.68650791505826,20,51
2022-06-05,Producto C,Juguetes,279.3070715800708,23,88
2022-06-05,Producto D,Alimentos,47.03597078849282,30,197
2022-06-06,Producto A,Juguetes,234.4308837174468,13,102
2022-06-06,Producto B,Ropa,354.85823238534874,18,122
2022-06-06,Producto C,Electronica,339.30745898860414,21,108
2022-06-06,Producto D,Juguetes,10.98907369663462,15,59
2022-06-07,Producto A,Electronica,472.92076680370906,16,147
2022-06-07,Producto B,Ropa,343.2548238690166,19,117
2022-06-07,Producto C,Alimentos,134.0197541980083,19,155
2022-06-07,Producto D,Juguetes,339.5056440322641,36,163
2022-06-08,Producto A,Alimentos,222.45556838998104,13,176
2022-06-08,Producto B,Electronica,222.67027662729183,17,122
2022-06-08,Producto C,Alimentos,14.43653917438178,21,170
2022-06-08,Producto D,Electronica,128.59081919062982,23,162
2022-06-09,Producto A,Electronica,439.9603228606961,23,112
2022-06-09,Producto B,Electronica,115.05917666665063,17,89
2022-06-09,Producto C,Alimentos,234.88085313244196,23,124
2022-06-09,Producto D,Juguetes,49.76309748275718,24,112
2022-06-10,Producto A,Electronica,395.5170566449924,19,169
2022-06-10,Producto B,Alimentos,265.5100218417713,12,122
2022-06-10,Producto C,Electronica,296.37996578113876,20,77
2022-06-10,Producto D,Electronica,448.71958368505295,22,134
2022-06-11,Producto A,Ropa,318.8211375335174,16,163
2022-06-11,Producto B,Juguetes,80.74993974549695,24,112
2022-06-11,Producto C,Ropa,394.69787990689673,21,184
2022-06-11,Producto D,Electronica,240.0675156014927,17,170
2022-06-12,Producto A,Electronica,462.7731665086091,13,141
2022-06-12,Producto B,Electronica,375.9205533715218,19,178
2022-06-12,Producto C,Juguetes,463.0349171346344,19,70
2022-06-12,Producto D,Electronica,183.35668778085366,30,155
2022-06-13,Producto A,Ropa,471.14919814150005,26,186
2022-06-13,Producto B,Ropa,281.1518829773882,20,167
2022-06-13,Producto C,Electronica,341.7009836684503,23,78
2022-06-13,Producto D,Alimentos,340.08625456270477,15,161
2022-06-14,Producto A,Alimentos,220.50821014485805,20,143
2022-06-14,Producto B,Ropa,275.27110897706166,18,171
2022-06-14,Producto C,Ropa,320.9732356788164,21,77
2022-06-14,Producto D,Alimentos,130.2226339414434,11,196
2022-06-15,Producto A,Ropa,117.58142238260295,31,186
2022-06-15,Producto B,Alimentos,379.39388618009326,26,147
2022-06-15,Producto C,Alimentos,277.8757749986515,21,97
2022-06-15,Producto D,Electronica,252.8948376136266,28,137
2022-06-16,Producto A,Ropa,261.0195310493077,14,56
2022-06-16,Producto B,Ropa,258.82448133980176,19,66
2022-06-16,Producto C,Alimentos,43.832494094153866,20,166
2022-06-16,Producto D,Alimentos,347.42949836085904,16,122
2022-06-17,Producto A,Juguetes,378.79276409519963,19,157
2022-06-17,Producto B,Alimentos,149.89930225807066,20,196
2022-06-17,Producto C,Ropa,208.23864163796853,20,79
2022-06-17,Producto D,Electronica,403.7334531366756,27,185
2022-06-18,Producto A,Ropa,244.83744405812337,15,128
2022-06-18,Producto B,Juguetes,277.33673950788244,12,89
2022-06-18,Producto C,Alimentos,356.25078909912224,18,124
2022-06-18,Producto D,Ropa,181.47302036952348,28,179
2022-06-19,Producto A,Ropa,422.7394973274677,18,110
2022-06-19,Producto B,Juguetes,278.7253898668457,21,111
2022-06-19,Producto C,Alimentos,341.9619732635017,24,93
2022-06-19,Producto D,Electronica,199.44388459057876,22,183
2022-06-20,Producto A,Electronica,87.7526481079456,17,70
2022-06-20,Producto B,Juguetes,389.4083146428516,25,111
2022-06-20,Producto C,Ropa,160.38321146533931,19,65
2022-06-20,Producto D,Juguetes,298.3674182279045,15,179
2022-06-21,Producto A,Ropa,435.63342351347853,23,129
2022-06-21,Producto B,Electronica,296.4873641812541,14,72
2022-06-21,Producto C,Ropa,479.6639394771927,19,110
2022-06-21,Producto D,Electronica,269.0749653582335,25,159
2022-06-22,Producto A,Electronica,330.80744692458654,25,181
2022-06-22,Producto B,Juguetes,382.81715215608307,15,150
2022-06-22,Producto C,Juguetes,190.49013475923215,19,112
2022-06-22,Producto D,Ropa,26.50143789848737,26,54
2022-06-23,Producto A,Juguetes,29.099867123953903,22,105
2022-06-23,Producto B,Ropa,445.17791257767755,18,153
2022-06-23,Producto C,Electronica,414.45367542073456,25,174
2022-06-23,Producto D,Juguetes,483.9591578879191,28,110
2022-06-24,Producto A,Ropa,12.80210486678675,19,193
2022-06-24,Producto B,Electronica,165.8711789827013,25,97
2022-06-24,Producto C,Electronica,123.68890835131725,22,148
2022-06-24,Producto D,Alimentos,316.0608835761205,26,74
2022-06-25,Producto A,Juguetes,495.43278696222524,24,123
2022-06-25,Producto B,Electronica,200.72293112897637,16,188
2022-06-25,Producto C,Ropa,192.02811239312277,22,182
2022-06-25,Producto D,Alimentos,227.09908754190633,20,63
2022-06-26,Producto A,Alimentos,475.1083396586368,25,169
2022-06-26,Producto B,Alimentos,463.2731159180771,22,108
2022-06-26,Producto C,Alimentos,487.3813505309305,12,114
2022-06-26,Producto D,Juguetes,407.02670748277035,19,199
2022-06-27,Producto A,Ropa,294.0658169776401,19,197
2022-06-27,Producto B,Ropa,391.76026733393553,21,61
2022-06-27,Producto C,Juguetes,403.37735806400525,31,139
2022-06-27,Producto D,Ropa,441.99166354021884,21,115
2022-06-28,Producto A,Juguetes,48.4933371526263,23,92
2022-06-28,Producto B,Ropa,354.2937008705321,11,177
2022-06-28,Producto C,Juguetes,441.67677276343215,26,56
2022-06-28,Producto D,Juguetes,432.8684473658473,26,137
2022-06-29,Producto A,Juguetes,403.29375305293553,27,168
2022-06-29,Producto B,Electronica,237.85466358794952,25,69
2022-06-29,Producto C,Juguetes,42.838103498092885,12,120
2022-06-29,Producto D,Juguetes,92.37788291565496,20,187
2022-06-30,Producto A,Juguetes,92.07063365611278,19,153
2022-06-30,Producto B,Alimentos,169.86441984016193,17,109
2022-06-30,Producto C,Ropa,135.66689989821532,18,85
2022-06-30,Producto D,Electronica,93.35655448154793,17,80
2022-07-01,Producto A,Alimentos,356.27101150207295,22,59
2022-07-01,Producto B,Juguetes,158.7757296904817,17,109
2022-07-01,Producto C,Ropa,438.9487563096988,19,58
2022-07-01,Producto D,Ropa,365.2529773865682,21,194
2022-07-02,Producto A,Alimentos,107.63051766007389,9,62
2022-07-02,Producto B,Electronica,384.9285611202155,29,131
2022-07-02,Producto C,Electronica,373.4043113996607,20,120
2022-07-02,Producto D,Electronica,431.29939065770634,19,138
2022-07-03,Producto A,Juguetes,71.74099365335721,15,139
2022-07-03,Producto B,Ropa,325.9251718026411,16,74
2022-07-03,Producto C,Electronica,334.21695721830264,14,102
2022-07-03,Producto D,Ropa,428.5877866086945,20,199
2022-07-04,Producto A,Juguetes,464.29065311358016,14,148
2022-07-04,Producto B,Ropa,190.02145706156452,13,80
2022-07-04,Producto C,Electronica,400.0039297003162,15,80
2022-07-04,Producto D,Ropa,264.8362899444637,20,181
2022-07-05,Producto A,Electronica,315.50413695445525,21,130
2022-07-05,Producto B,Ropa,140.03135468496797,21,107
2022-07-05,Producto C,Juguetes,461.16242866789133,9,57
2022-07-05,Producto D,Alimentos,126.6918602961912,27,65
2022-07-06,Producto A,Alimentos,248.76002350902488,19,152
2022-07-06,Producto B,Electronica,387.0299581002031,19,62
2022-07-06,Producto C,Alimentos,24.927206291390462,16,165
2022-07-06,Producto D,Alimentos,456.1968014350667,20,177
2022-07-07,Producto A,Juguetes,146.45065717450063,24,81
2022-07-07,Producto B,Alimentos,238.18444546351697,23,91
2022-07-07,Producto C,Ropa,37.207266076483776,21,134
2022-07-07,Producto D,Juguetes,465.28091143372677,18,103
2022-07-08,Producto A,Juguetes,389.8695853991251,16,98
2022-07-08,Producto B,Electronica,481.131239041315,17,196
2022-07-08,Producto C,Juguetes,165.59935312621835,26,92
2022-07-08,Producto D,Juguetes,482.0465570185586,23,132
2022-07-09,Producto A,Ropa,146.2832861884401,14,77
2022-07-09,Producto B,Electronica,53.60496027960986,19,186
2022-07-09,Producto C,Alimentos,89.7675847110524,21,191
2022-07-09,Producto D,Electronica,228.89011835667498,20,167
2022-07-10,Producto A,Ropa,453.3355074232578,22,116
2022-07-10,Producto B,Juguetes,410.5298451799936,24,64
2022-07-10,Producto C,Alimentos,114.09916582578175,22,144
2022-07-10,Producto D,Ropa,448.825795584601,27,161
2022-07-11,Producto A,Electronica,225.62844278960537,21,165
2022-07-11,Producto B,Ropa,94.93809595788761,20,192
2022-07-11,Producto C,Ropa,156.9716141907411,21,70
2022-07-11,Producto D,Juguetes,67.12570653229139,21,161
2022-07-12,Producto A,Juguetes,369.17005253908536,25,89
2022-07-12,Producto B,Ropa,284.68410641051383,29,110
2022-07-12,Producto C,Juguetes,61.18271386907418,21,105
2022-07-12,Producto D,Alimentos,490.47843125975453,16,51
2022-07-13,Producto A,Electronica,352.85555098874335,16,172
2022-07-13,Producto B,Juguetes,155.2152306215113,33,80
2022-07-13,Producto C,Juguetes,23.352505855899405,20,150
2022-07-13,Producto D,Alimentos,291.4740103773808,14,198
2022-07-14,Producto A,Alimentos,412.14111877572185,20,57
2022-07-14,Producto B,Ropa,404.80011757742676,18,194
2022-07-14,Producto C,Ropa,238.67962923336012,20,159
2022-07-14,Producto D,Ropa,196.68572409751596,24,76
2022-07-15,Producto A,Electronica,234.97077141047365,22,75
2022-07-15,Producto B,Alimentos,243.04213399278407,19,195
2022-07-15,Producto C,Juguetes,285.4725174216173,23,177
2022-07-15,Producto D,Juguetes,67.01565773060298,22,196
2022-07-16,Producto A,Juguetes,279.8250559260172,19,153
2022-07-16,Producto B,Juguetes,309.7971998505785,18,114
2022-07-16,Producto C,Alimentos,183.89986490841147,19,191
2022-07-16,Producto D,Electronica,44.35298842421591,19,193
2022-07-17,Producto A,Ropa,86.57901767939035,16,80
2022-07-17,Producto B,Alimentos,123.37651182465554,20,94
2022-07-17,Producto C,Ropa,444.2290683433791,28,174
2022-07-17,Producto D,Electronica,149.99280108193463,13,163
2022-07-18,Producto A,Electronica,392.6722931857733,19,175
2022-07-18,Producto B,Electronica,332.44694209199815,16,142
2022-07-18,Producto C,Alimentos,255.23388477469192,19,171
2022-07-18,Producto D,Juguetes,144.44845654926786,27,169
2022-07-19,Producto A,Alimentos,284.1086586064049,25,145
2022-07-19,Producto B,Juguetes,168.9294457705773,16,84
2022-07-19,Producto C,Ropa,74.87826061326275,18,52
2022-07-19,Producto D,Electronica,305.7291151855493,22,162
2022-07-20,Producto A,Alimentos,469.8795939018339,15,118
2022-07-20,Producto B,Alimentos,253.47880406502395,27,161
2022-07-20,Producto C,Alimentos,381.06865935499536,27,107
2022-07-20,Producto D,Ropa,59.12032622420955,21,148
2022-07-21,Producto A,Alimentos,21.616799285814007,14,113
2022-07-21,Producto B,Ropa,463.96726099853055,19,124
2022-07-21,Producto C,Juguetes,291.2354343738151,18,139
2022-07-21,Producto D,Juguetes,15.538242928621012,24,97
2022-07-22,Producto A,Ropa,298.2925882817451,19,179
2022-07-22,Producto B,Ropa,144.86719870813405,23,56
2022-07-22,Producto C,Alimentos,193.61376554861445,21,61
2022-07-22,Producto D,Electronica,417.8581344338875,24,169
2022-07-23,Producto A,Juguetes,410.479602984486,28,77
2022-07-23,Producto B,Ropa,175.3525966924722,26,193
2022-07-23,Producto C,Ropa,378.7094854173822,19,68
2022-07-23,Producto D,Electronica,290.27798035896046,24,78
2022-07-24,Producto A,Juguetes,369.61363473091603,18,65
2022-07-24,Producto B,Ropa,37.77341176125935,23,111
2022-07-24,Producto C,Ropa,137.31578759074674,17,196
2022-07-24,Producto D,Ropa,127.86047673827288,22,58
2022-07-25,Producto A,Juguetes,413.93171915218124,19,175
2022-07-25,Producto B,Alimentos,186.6325075193614,22,83
2022-07-25,Producto C,Electronica,496.365079789004,22,132
2022-07-25,Producto D,Alimentos,239.16379411758976,22,179
2022-07-26,Producto A,Ropa,171.83948707602136,21,95
2022-07-26,Producto B,Alimentos,467.87218898918627,21,160
2022-07-26,Producto C,Ropa,134.25621732822088,20,114
2022-07-26,Producto D,Alimentos,113.0560925800389,24,73
2022-07-27,Producto A,Juguetes,60.392870157163586,22,61
2022-07-27,Producto B,Alimentos,341.47703726509616,21,193
2022-07-27,Producto C,Ropa,291.9259948332583,19,74
2022-07-27,Producto D,Juguetes,120.87349070156124,23,126
2022-07-28,Producto A,Juguetes,376.0683508932242,16,71
2022-07-28,Producto B,Electronica,426.2287390506104,18,115
2022-07-28,Producto C,Juguetes,172.66603732056427,19,145
2022-07-28,Producto D,Electronica,136.70987965604417,19,179
2022-07-29,Producto A,Alimentos,404.70769765226794,19,150
2022-07-29,Producto B,Juguetes,91.29150194168525,21,191
2022-07-29,Producto C,Ropa,459.46135262306353,19,85
2022-07-29,Producto D,Electronica,153.7431765060948,20,149
2022-07-30,Producto A,Juguetes,398.1736854528213,22,67
2022-07-30,Producto B,Ropa,154.95380777330266,16,153
2022-07-30,Producto C,Alimentos,300.7960775253147,18,191
2022-07-30,Producto D,Electronica,177.9381534596745,14,103
2022-07-31,Producto A,Alimentos,254.4958472877453,22,128
2022-07-31,Producto B,Alimentos,10.015052234237384,23,132
2022-07-31,Producto C,Ropa,16.319760196867463,20,84
2022-07-31,Producto D,Electronica,262.08605059254813,12,71
2022-08-01,Producto A,Ropa,307.4962876329527,18,178
2022-08-01,Producto B,Juguetes,77.62758863982535,13,69
2022-08-01,Producto C,Ropa,237.26898236656316,17,178
2022-08-01,Producto D,Electronica,249.6275299007338,26,161
2022-08-02,Producto A,Alimentos,188.68863135482493,23,157
2022-08-02,Producto B,Juguetes,290.59499802663646,16,68
2022-08-02,Producto C,Ropa,55.32521459009226,24,135
2022-08-02,Producto D,Juguetes,227.0865161054335,22,91
2022-08-03,Producto A,Ropa,62.941834094439486,20,186
2022-08-03,Producto B,Juguetes,329.4314241256057,20,60
2022-08-03,Producto C,Ropa,154.87586924309338,28,68
2022-08-03,Producto D,Juguetes,205.5917293103996,21,114
2022-08-04,Producto A,Alimentos,406.8629659484207,21,169
2022-08-04,Producto B,Alimentos,324.0731087683913,19,151
2022-08-04,Producto C,Ropa,175.27838986906832,29,102
2022-08-04,Producto D,Juguetes,462.81278079652697,22,141
2022-08-05,Producto A,Ropa,279.73117078044083,24,160
2022-08-05,Producto B,Electronica,195.14121472632146,11,63
2022-08-05,Producto C,Ropa,39.941287133619824,20,142
2022-08-05,Producto D,Electronica,66.42162741364857,26,155
2022-08-06,Producto A,Alimentos,333.24823373593244,19,113
2022-08-06,Producto B,Alimentos,213.33061367904344,23,123
2022-08-06,Producto C,Ropa,138.6105867094196,20,101
2022-08-06,Producto D,Electronica,72.14377104970521,18,194
2022-08-07,Producto A,Juguetes,112.32715839234909,11,84
2022-08-07,Producto B,Juguetes,179.2856183244884,24,172
2022-08-07,Producto C,Alimentos,287.26677455349085,27,65
2022-08-07,Producto D,Alimentos,84.20830574832509,19,66
2022-08-08,Producto A,Alimentos,470.3886086223312,24,181
2022-08-08,Producto B,Ropa,49.29151083793551,20,85
2022-08-08,Producto C,Ropa,160.4164182824189,15,176
2022-08-08,Producto D,Ropa,493.99727415860235,18,93
2022-08-09,Producto A,Juguetes,402.8253036637394,20,150
2022-08-09,Producto B,Ropa,339.4028367741554,20,167
2022-08-09,Producto C,Ropa,20.812412854322513,25,166
2022-08-09,Producto D,Alimentos,309.08497270598053,14,157
2022-08-10,Producto A,Alimentos,106.47505717008495,19,162
2022-08-10,Producto B,Ropa,401.89384857843385,21,183
2022-08-10,Producto C,Ropa,394.3586818742707,21,193
2022-08-10,Producto D,Alimentos,275.1457741906339,21,168
2022-08-11,Producto A,Electronica,290.0877482466425,15,91
2022-08-11,Producto B,Electronica,266.466671751784,16,64
2022-08-11,Producto C,Alimentos,226.49851535295775,15,141
2022-08-11,Producto D,Electronica,199.48645795154917,10,126
2022-08-12,Producto A,Electronica,246.81419963349936,18,133
2022-08-12,Producto B,Alimentos,257.7914044528733,11,136
2022-08-12,Producto C,Juguetes,287.34902819503225,26,126
2022-08-12,Producto D,Electronica,33.86047571596559,13,71
2022-08-13,Producto A,Juguetes,267.2009934956607,19,159
2022-08-13,Producto B,Juguetes,155.34011625697562,12,161
2022-08-13,Producto C,Ropa,130.46524682176613,14,127
2022-08-13,Producto D,Juguetes,47.61145032548163,22,160
2022-08-14,Producto A,Electronica,213.5670702901239,15,116
2022-08-14,Producto B,Ropa,303.6862652706611,23,143
2022-08-14,Producto C,Electronica,126.0927570093945,13,160
2022-08-14,Producto D,Ropa,341.99744454005014,21,112
2022-08-15,Producto A,Juguetes,45.64012441154752,17,196
2022-08-15,Producto B,Alimentos,169.21216925925424,23,100
2022-08-15,Producto C,Alimentos,489.32812757801355,15,131
2022-08-15,Producto D,Juguetes,368.1264694303186,19,196
2022-08-16,Producto A,Juguetes,404.0411268421032,26,148
2022-08-16,Producto B,Ropa,329.6148043405346,19,175
2022-08-16,Producto C,Alimentos,288.59060524625994,11,95
2022-08-16,Producto D,Juguetes,87.78101405341167,16,113
2022-08-17,Producto A,Alimentos,247.06324453171715,19,195
2022-08-17,Producto B,Alimentos,129.462949477988,22,140
2022-08-17,Producto C,Electronica,120.05519563669357,12,184
2022-08-17,Producto D,Ropa,31.224483894612856,23,158
2022-08-18,Producto A,Electronica,400.1593686336297,23,126
2022-08-18,Producto B,Electronica,75.25924157708647,17,194
2022-08-18,Producto C,Juguetes,261.7168490554993,17,183
2022-08-18,Producto D,Alimentos,149.9567343954991,23,191
2022-08-19,Producto A,Ropa,471.32237637797203,15,68
2022-08-19,Producto B,Ropa,360.0629097205439,18,84
2022-08-19,Producto C,Ropa,324.6223886026755,17,175
2022-08-19,Producto D,Alimentos,298.16588242666904,17,74
2022-08-20,Producto A,Juguetes,154.91630567156014,16,129
2022-08-20,Producto B,Juguetes,397.43863993108226,18,94
2022-08-20,Producto C,Ropa,298.93021262425833,15,59
2022-08-20,Producto D,Ropa,360.3007717047437,21,174
2022-08-21,Producto A,Electronica,306.37132038766475,18,158
2022-08-21,Producto B,Electronica,153.8320483047436,17,170
2022-08-21,Producto C,Juguetes,356.4374941935695,22,160
2022-08-21,Producto D,Ropa,409.8787307482421,16,116
2022-08-22,Producto A,Juguetes,166.6741657497705,11,60
2022-08-22,Producto B,Alimentos,452.57957739890657,19,122
2022-08-22,Producto C,Juguetes,260.9852067617553,22,134
2022-08-22,Producto D,Alimentos,199.11036035909441,18,138
2022-08-23,Producto A,Alimentos,483.1630978807322,18,179
2022-08-23,Producto B,Electronica,367.36180223383104,21,119
2022-08-23,Producto C,Alimentos,162.97297091887341,19,118
2022-08-23,Producto D,Alimentos,205.15746905363667,18,63
2022-08-24,Producto A,Electronica,332.2809121652172,22,98
2022-08-24,Producto B,Electronica,452.59157149661394,17,129
2022-08-24,Producto C,Juguetes,247.9669640137958,17,195
2022-08-24,Producto D,Alimentos,428.131316113806,18,124
2022-08-25,Producto A,Ropa,129.34985167366966,17,124
2022-08-25,Producto B,Ropa,12.518417516924547,19,103
2022-08-25,Producto C,Juguetes,125.4551970839077,29,161
2022-08-25,Producto D,Juguetes,393.7755727817726,21,84
2022-08-26,Producto A,Alimentos,322.79178293601154,17,50
2022-08-26,Producto B,Alimentos,116.67913135929425,13,172
2022-08-26,Producto C,Alimentos,341.55587106172527,22,176
2022-08-26,Producto D,Electronica,235.8401857212251,23,165
2022-08-27,Producto A,Ropa,338.7963604611258,23,66
2022-08-27,Producto B,Juguetes,365.43208411508016,13,128
2022-08-27,Producto C,Alimentos,481.09414362460427,22,57
2022-08-27,Producto D,Alimentos,131.90797648219677,29,145
2022-08-28,Producto A,Electronica,78.23449468450495,18,147
2022-08-28,Producto B,Ropa,225.92579287790383,26,87
2022-08-28,Producto C,Ropa,491.5423750460891,16,138
2022-08-28,Producto D,Juguetes,269.7306029753489,20,71
2022-08-29,Producto A,Alimentos,448.57773595991824,25,66
2022-08-29,Producto B,Juguetes,135.75713152118692,24,143
2022-08-29,Producto C,Ropa,162.67015239529218,25,65
2022-08-29,Producto D,Alimentos,36.819026393243085,16,115
2022-08-30,Producto A,Electronica,281.3734859105255,20,159
2022-08-30,Producto B,Electronica,364.7743024987314,28,181
2022-08-30,Producto C,Juguetes,128.66557867026057,12,77
2022-08-30,Producto D,Ropa,64.1957634478488,16,155
2022-08-31,Producto A,Juguetes,29.08934471074747,18,162
2022-08-31,Producto B,Electronica,346.39183209119375,24,79
2022-08-31,Producto C,Ropa,272.1336699706276,17,119
2022-08-31,Producto D,Ropa,393.42507074634386,26,163
2022-09-01,Producto A,Alimentos,140.86675365360287,20,125
2022-09-01,Producto B,Ropa,125.02966664523593,25,121
2022-09-01,Producto C,Electronica,476.184462369762,14,132
2022-09-01,Producto D,Ropa,282.21928924395377,17,79
2022-09-02,Producto A,Electronica,439.1934132499483,27,91
2022-09-02,Producto B,Ropa,421.5989026961283,18,171
2022-09-02,Producto C,Electronica,164.1681653782474,22,71
2022-09-02,Producto D,Alimentos,321.1042629850498,14,84
2022-09-03,Producto A,Ropa,103.16309549616578,25,114
2022-09-03,Producto B,Alimentos,243.49797070779627,23,172
2022-09-03,Producto C,Electronica,246.59712446095133,16,149
2022-09-03,Producto D,Ropa,256.20816838375515,20,127
2022-09-04,Producto A,Juguetes,88.34108404955627,23,174
2022-09-04,Producto B,Electronica,256.63911399701544,24,133
2022-09-04,Producto C,Electronica,86.32889768428338,21,195
2022-09-04,Producto D,Ropa,212.62309984208,9,184
2022-09-05,Producto A,Alimentos,477.27997783654786,18,158
2022-09-05,Producto B,Alimentos,202.18671878243467,30,104
2022-09-05,Producto C,Ropa,63.25444429359912,24,128
2022-09-05,Producto D,Alimentos,104.08788152261799,22,184
2022-09-06,Producto A,Electronica,174.04663052643278,17,152
2022-09-06,Producto B,Ropa,82.7683230054036,21,175
2022-09-06,Producto C,Juguetes,74.81167039825604,15,100
2022-09-06,Producto D,Juguetes,467.1487465088314,21,111
2022-09-07,Producto A,Alimentos,359.2061533034068,15,179
2022-09-07,Producto B,Alimentos,63.83292573298365,26,71
2022-09-07,Producto C,Juguetes,348.1229753206303,17,150
2022-09-07,Producto D,Juguetes,127.9938698758549,18,159
2022-09-08,Producto A,Juguetes,276.5468245296341,16,145
2022-09-08,Producto B,Electronica,130.31980671280064,25,66
2022-09-08,Producto C,Electronica,289.50065078778437,21,134
2022-09-08,Producto D,Electronica,227.4479561552001,17,194
2022-09-09,Producto A,Ropa,367.1462041992872,17,66
2022-09-09,Producto B,Electronica,446.21594467992776,14,197
2022-09-09,Producto C,Juguetes,302.7403288609758,26,128
2022-09-09,Producto D,Alimentos,237.86780376824586,16,75
2022-09-10,Producto A,Electronica,348.7938681814445,17,180
2022-09-10,Producto B,Ropa,459.4380899941828,21,125
2022-09-10,Producto C,Electronica,162.9740230553301,23,148
2022-09-10,Producto D,Juguetes,399.0282153914071,29,95
2022-09-11,Producto A,Juguetes,404.49768290015606,25,98
2022-09-11,Producto B,Electronica,206.91937290600237,22,141
2022-09-11,Producto C,Ropa,321.02462914097447,15,92
2022-09-11,Producto D,Ropa,109.99155038783428,17,94
2022-09-12,Producto A,Juguetes,115.85540579260538,31,79
2022-09-12,Producto B,Electronica,449.9980559306594,20,175
2022-09-12,Producto C,Ropa,336.698449630219,20,115
2022-09-12,Producto D,Ropa,488.86907335669537,16,97
2022-09-13,Producto A,Juguetes,371.7024525630534,20,149
2022-09-13,Producto B,Ropa,291.0460072130879,18,183
2022-09-13,Producto C,Electronica,449.7246859775773,14,172
2022-09-13,Producto D,Ropa,302.68306538204877,18,97
2022-09-14,Producto A,Alimentos,176.60214916934714,26,97
2022-09-14,Producto B,Alimentos,425.2983401968208,15,171
2022-09-14,Producto C,Electronica,356.2360232071667,20,142
2022-09-14,Producto D,Ropa,113.75547240568557,9,60
2022-09-15,Producto A,Ropa,430.3881078586911,22,63
2022-09-15,Producto B,Alimentos,362.43014828215763,28,83
2022-09-15,Producto C,Electronica,412.6043691916881,25,152
2022-09-15,Producto D,Juguetes,95.54902711112133,23,170
2022-09-16,Producto A,Juguetes,295.51621181174556,14,123
2022-09-16,Producto B,Ropa,100.05448590287156,18,176
2022-09-16,Producto C,Juguetes,249.99507531423797,20,102
2022-09-16,Producto D,Juguetes,106.80239378245435,24,155
2022-09-17,Producto A,Juguetes,258.27603751846135,24,69
2022-09-17,Producto B,Juguetes,200.03879208983622,17,87
2022-09-17,Producto C,Ropa,432.61991473016747,17,171
2022-09-17,Producto D,Ropa,280.87928910199105,23,59
2022-09-18,Producto A,Juguetes,486.5060811136721,20,175
2022-09-18,Producto B,Alimentos,246.91406170233387,19,106
2022-09-18,Producto C,Juguetes,420.3615346131995,16,159
2022-09-18,Producto D,Electronica,386.6860943676313,11,124
2022-09-19,Producto A,Alimentos,27.865914904553044,14,82
2022-09-19,Producto B,Electronica,132.93625510171134,13,133
2022-09-19,Producto C,Alimentos,431.79147908859255,18,137
2022-09-19,Producto D,Juguetes,62.245573278932966,18,188
2022-09-20,Producto A,Ropa,485.3364837666864,26,89
2022-09-20,Producto B,Electronica,149.7508433134029,22,68
2022-09-20,Producto C,Ropa,381.3105145838274,17,73
2022-09-20,Producto D,Ropa,37.5499044769764,20,54
2022-09-21,Producto A,Ropa,277.7394663639447,16,139
2022-09-21,Producto B,Juguetes,284.0168845665445,20,157
2022-09-21,Producto C,Juguetes,271.0852483266832,25,122
2022-09-21,Producto D,Juguetes,88.6909105712212,20,101
2022-09-22,Producto A,Electronica,143.05972303696797,17,176
2022-09-22,Producto B,Alimentos,382.59603297086653,22,134
2022-09-22,Producto C,Ropa,242.33739348074903,16,134
2022-09-22,Producto D,Juguetes,133.7398909218578,19,172
2022-09-23,Producto A,Juguetes,177.51422671109398,24,93
2022-09-23,Producto B,Juguetes,197.24512532473403,17,58
2022-09-23,Producto C,Juguetes,207.48534252854094,22,148
2022-09-23,Producto D,Electronica,488.71311760204503,15,158
2022-09-24,Producto A,Juguetes,408.40077063491884,13,82
2022-09-24,Producto B,Alimentos,353.3961248208528,16,192
2022-09-24,Producto C,Electronica,205.5717892180334,16,53
2022-09-24,Producto D,Alimentos,324.96093260516466,18,58
2022-09-25,Producto A,Electronica,426.7470718810126,23,170
2022-09-25,Producto B,Alimentos,144.25450295607885,21,77
2022-09-25,Producto C,Ropa,462.91168785575337,16,50
2022-09-25,Producto D,Alimentos,335.2339419264396,26,139
2022-09-26,Producto A,Electronica,176.08293992073985,24,108
2022-09-26,Producto B,Electronica,296.79544588381253,14,160
2022-09-26,Producto C,Juguetes,162.25051087260925,20,173
2022-09-26,Producto D,Ropa,295.21436425086955,19,162
2022-09-27,Producto A,Ropa,433.1841156844065,13,144
2022-09-27,Producto B,Juguetes,109.95735576859981,25,65
2022-09-27,Producto C,Electronica,206.83147745229047,20,196
2022-09-27,Producto D,Ropa,311.3816686303275,15,101
2022-09-28,Producto A,Alimentos,241.09691894567823,16,117
2022-09-28,Producto B,Alimentos,470.56294271399736,20,171
2022-09-28,Producto C,Ropa,134.82686659499223,18,198
2022-09-28,Producto D,Juguetes,71.07724020647854,31,79
2022-09-29,Producto A,Electronica,48.814443504101696,10,111
2022-09-29,Producto B,Alimentos,213.0601148820626,29,196
2022-09-29,Producto C,Juguetes,285.348274224635,13,92
2022-09-29,Producto D,Electronica,493.4769296923418,16,106
2022-09-30,Producto A,Electronica,394.74304336719223,26,70
2022-09-30,Producto B,Ropa,168.92115077711364,23,70
2022-09-30,Producto C,Alimentos,50.460357437285815,15,104
2022-09-30,Producto D,Juguetes,165.06399412846392,13,161
2022-10-01,Producto A,Alimentos,202.5255744463977,17,130
2022-10-01,Producto B,Electronica,407.23494946542,30,91
2022-10-01,Producto C,Ropa,471.76200533952317,24,51
2022-10-01,Producto D,Alimentos,347.28582165781677,23,166
2022-10-02,Producto A,Ropa,273.7278499155529,20,181
2022-10-02,Producto B,Ropa,73.31966205034719,11,63
2022-10-02,Producto C,Electronica,262.4318439094285,18,148
2022-10-02,Producto D,Alimentos,198.4127487160706,18,64
2022-10-03,Producto A,Juguetes,247.24478576006965,24,158
2022-10-03,Producto B,Juguetes,355.6901120898272,15,59
2022-10-03,Producto C,Alimentos,80.33693041244628,15,135
2022-10-03,Producto D,Ropa,423.95081478219157,12,131
2022-10-04,Producto A,Juguetes,230.5538307556645,28,195
2022-10-04,Producto B,Juguetes,234.371144612265,19,84
2022-10-04,Producto C,Ropa,131.33950510500495,18,199
2022-10-04,Producto D,Alimentos,144.0025125337401,23,117
2022-10-05,Producto A,Alimentos,199.28097552131715,18,189
2022-10-05,Producto B,Ropa,167.1594553326699,15,189
2022-10-05,Producto C,Alimentos,211.4455743274758,19,171
2022-10-05,Producto D,Electronica,128.38462545352388,22,168
2022-10-06,Producto A,Ropa,41.40640840772598,21,175
2022-10-06,Producto B,Ropa,422.3947836959593,19,135
2022-10-06,Producto C,Ropa,68.32043920163912,12,194
2022-10-06,Producto D,Alimentos,134.45252915436419,26,137
2022-10-07,Producto A,Electronica,142.85970415648816,24,186
2022-10-07,Producto B,Alimentos,259.4763523315836,26,117
2022-10-07,Producto C,Electronica,158.60864030821827,23,105
2022-10-07,Producto D,Juguetes,221.79321915720905,13,190
2022-10-08,Producto A,Alimentos,325.797680145091,15,130
2022-10-08,Producto B,Electronica,496.5422982336245,24,141
2022-10-08,Producto C,Alimentos,434.4541064311585,19,116
2022-10-08,Producto D,Alimentos,409.88525292798806,25,106
2022-10-09,Producto A,Electronica,288.8017652090202,20,106
2022-10-09,Producto B,Juguetes,221.29313758352114,21,169
2022-10-09,Producto C,Electronica,263.9570631374684,23,187
2022-10-09,Producto D,Ropa,360.08524510403305,19,120
2022-10-10,Producto A,Electronica,162.01528903490535,15,189
2022-10-10,Producto B,Alimentos,155.9979163452641,19,140
2022-10-10,Producto C,Ropa,390.17985469014957,24,138
2022-10-10,Producto D,Alimentos,325.5148989632047,25,101
2022-10-11,Producto A,Electronica,234.59810491889002,20,167
2022-10-11,Producto B,Electronica,434.43001734582447,20,128
2022-10-11,Producto C,Ropa,221.6851738758777,13,147
2022-10-11,Producto D,Juguetes,266.8561728210206,22,118
2022-10-12,Producto A,Alimentos,223.4793123999223,14,140
2022-10-12,Producto B,Ropa,65.07454331624635,10,96
2022-10-12,Producto C,Electronica,75.43177424876721,18,102
2022-10-12,Producto D,Alimentos,232.42380684668,20,113
2022-10-13,Producto A,Electronica,430.5213275787446,15,175
2022-10-13,Producto B,Alimentos,396.6570947078908,21,151
2022-10-13,Producto C,Ropa,46.730421300306396,16,151
2022-10-13,Producto D,Ropa,20.60632506002196,13,172
2022-10-14,Producto A,Electronica,261.971235520329,20,178
2022-10-14,Producto B,Electronica,378.3793478099556,21,179
2022-10-14,Producto C,Ropa,41.47690216999169,21,58
2022-10-14,Producto D,Ropa,237.1748164282904,17,134
2022-10-15,Producto A,Electronica,175.7331739854696,22,139
2022-10-15,Producto B,Ropa,160.39622576080396,11,64
2022-10-15,Producto C,Alimentos,60.239307131622674,20,151
2022-10-15,Producto D,Ropa,469.4541157021301,18,113
2022-10-16,Producto A,Ropa,59.92059442838271,27,69
2022-10-16,Producto B,Juguetes,423.42710842802614,19,58
2022-10-16,Producto C,Alimentos,345.05621843603853,26,86
2022-10-16,Producto D,Ropa,474.420072347084,19,151
2022-10-17,Producto A,Juguetes,63.65057655168646,20,140
2022-10-17,Producto B,Juguetes,483.6138700920202,19,121
2022-10-17,Producto C,Alimentos,346.60130315172006,17,115
2022-10-17,Producto D,Electronica,382.0271000319276,22,174
2022-10-18,Producto A,Alimentos,305.10558816485604,17,107
2022-10-18,Producto B,Ropa,333.5902436739545,25,197
2022-10-18,Producto C,Alimentos,475.6504367307288,17,178
2022-10-18,Producto D,Electronica,26.37755049339684,21,95
2022-10-19,Producto A,Alimentos,96.18623887514443,16,126
2022-10-19,Producto B,Electronica,17.1770923635185,16,108
2022-10-19,Producto C,Electronica,134.1559054263739,27,60
2022-10-19,Producto D,Electronica,379.8654545975423,17,190
2022-10-20,Producto A,Ropa,11.138469004645833,19,98
2022-10-20,Producto B,Ropa,106.36694387125056,30,176
2022-10-20,Producto C,Alimentos,119.31230391919769,21,81
2022-10-20,Producto D,Juguetes,265.2340335233328,20,79
2022-10-21,Producto A,Ropa,174.48437631499243,21,132
2022-10-21,Producto B,Electronica,62.53897316215885,19,158
2022-10-21,Producto C,Juguetes,421.60922764114224,21,195
2022-10-21,Producto D,Ropa,122.4028160556472,16,96
2022-10-22,Producto A,Alimentos,60.35643889839308,15,122
2022-10-22,Producto B,Alimentos,495.8959280510018,15,191
2022-10-22,Producto C,Alimentos,345.9693571399477,16,51
2022-10-22,Producto D,Alimentos,119.57018369840574,19,63
2022-10-23,Producto A,Alimentos,48.36781853498317,21,81
2022-10-23,Producto B,Ropa,470.8436272713753,30,149
2022-10-23,Producto C,Ropa,141.31866077334521,27,192
2022-10-23,Producto D,Ropa,362.50019623166196,22,124
2022-10-24,Producto A,Ropa,490.1037323366597,26,151
2022-10-24,Producto B,Electronica,294.0023964322103,27,161
2022-10-24,Producto C,Electronica,404.6930625557997,12,146
2022-10-24,Producto D,Juguetes,126.03081687352827,18,82
2022-10-25,Producto A,Ropa,265.64937523809033,16,79
2022-10-25,Producto B,Electronica,177.69050714166323,19,93
2022-10-25,Producto C,Alimentos,412.2160145389331,17,90
2022-10-25,Producto D,Juguetes,68.98529325771158,20,107
2022-10-26,Producto A,Ropa,357.20593742623436,23,79
2022-10-26,Producto B,Alimentos,72.62780373658754,21,52
2022-10-26,Producto C,Ropa,321.11556775769446,26,98
2022-10-26,Producto D,Ropa,408.6683185500044,23,147
2022-10-27,Producto A,Ropa,85.66372119421436,22,93
2022-10-27,Producto B,Ropa,145.80073241794634,19,174
2022-10-27,Producto C,Juguetes,314.7705871459983,15,68
2022-10-27,Producto D,Electronica,178.25511689154055,29,76
2022-10-28,Producto A,Ropa,267.3254081146979,16,82
2022-10-28,Producto B,Alimentos,440.20940742483293,18,121
2022-10-28,Producto C,Electronica,225.68836106162465,12,182
2022-10-28,Producto D,Ropa,372.0759231212414,23,179
2022-10-29,Producto A,Electronica,435.78996146023917,27,195
2022-10-29,Producto B,Alimentos,362.45729842230566,22,119
2022-10-29,Producto C,Ropa,174.34933861321,30,148
2022-10-29,Producto D,Ropa,276.0408177997706,14,138
2022-10-30,Producto A,Electronica,234.76550667709373,15,58
2022-10-30,Producto B,Alimentos,239.46728981362872,28,180
2022-10-30,Producto C,Alimentos,23.832092228846122,25,196
2022-10-30,Producto D,Alimentos,220.62388817414615,32,178
2022-10-31,Producto A,Alimentos,12.38551975119658,19,90
2022-10-31,Producto B,Ropa,22.088277724838704,19,199
2022-10-31,Producto C,Juguetes,498.03688805934286,22,144
2022-10-31,Producto D,Ropa,463.2816326590569,18,113
2022-11-01,Producto A,Alimentos,175.8683709184817,25,127
2022-11-01,Producto B,Juguetes,311.9824666935309,17,136
2022-11-01,Producto C,Electronica,407.3582444095792,19,93
2022-11-01,Producto D,Juguetes,49.52818602167691,22,180
2022-11-02,Producto A,Juguetes,408.7180326710809,16,118
2022-11-02,Producto B,Electronica,471.02937107240734,15,143
2022-11-02,Producto C,Ropa,18.314873364578567,31,136
2022-11-02,Producto D,Electronica,16.86711358776792,22,182
2022-11-03,Producto A,Juguetes,275.5874962550658,19,87
2022-11-03,Producto B,Juguetes,345.37332692396063,20,116
2022-11-03,Producto C,Electronica,272.8975481127896,26,97
2022-11-03,Producto D,Electronica,51.05757654864819,22,71
2022-11-04,Producto A,Alimentos,134.06746443627702,24,102
2022-11-04,Producto B,Juguetes,255.9160702020068,19,65
2022-11-04,Producto C,Ropa,137.73082729289087,17,138
2022-11-04,Producto D,Ropa,459.59699835220897,24,186
2022-11-05,Producto A,Juguetes,362.7984332874487,13,64
2022-11-05,Producto B,Juguetes,57.353886240787,17,123
2022-11-05,Producto C,Juguetes,403.1020978252059,18,109
2022-11-05,Producto D,Alimentos,219.4955091262589,15,63
2022-11-06,Producto A,Alimentos,258.0085278203757,20,68
2022-11-06,Producto B,Electronica,251.56152812446365,20,82
2022-11-06,Producto C,Alimentos,281.55194899234766,27,83
2022-11-06,Producto D,Juguetes,283.146073910164,15,162
2022-11-07,Producto A,Juguetes,347.8957021112826,26,61
2022-11-07,Producto B,Alimentos,229.1783505637743,32,66
2022-11-07,Producto C,Juguetes,129.29885159271245,19,115
2022-11-07,Producto D,Electronica,357.55510229897635,24,50
2022-11-08,Producto A,Electronica,110.43982408469628,23,75
2022-11-08,Producto B,Electronica,107.11622934661739,26,171
2022-11-08,Producto C,Alimentos,166.42039591523235,27,66
2022-11-08,Producto D,Ropa,251.5847613278131,12,158
2022-11-09,Producto A,Alimentos,488.4799339624647,18,131
2022-11-09,Producto B,Ropa,142.17380827814586,23,113
2022-11-09,Producto C,Juguetes,139.87317083054882,22,102
2022-11-09,Producto D,Juguetes,11.920003726035699,24,136
2022-11-10,Producto A,Alimentos,84.1194993867112,17,78
2022-11-10,Producto B,Ropa,105.54840138529968,17,181
2022-11-10,Producto C,Ropa,467.264529354019,22,124
2022-11-10,Producto D,Juguetes,187.21638076557096,24,99
2022-11-11,Producto A,Ropa,248.81365588141,21,127
2022-11-11,Producto B,Juguetes,101.79992775012656,23,135
2022-11-11,Producto C,Electronica,85.84515707459487,17,190
2022-11-11,Producto D,Electronica,134.7852452860813,20,164
2022-11-12,Producto A,Alimentos,37.40391156283057,14,130
2022-11-12,Producto B,Alimentos,88.17457877732755,26,189
2022-11-12,Producto C,Juguetes,290.12265039137185,18,130
2022-11-12,Producto D,Juguetes,67.002546295298,33,119
2022-11-13,Producto A,Alimentos,54.012843418546325,16,169
2022-11-13,Producto B,Juguetes,107.51553426344226,22,67
2022-11-13,Producto C,Juguetes,55.88011773347832,30,188
2022-11-13,Producto D,Ropa,138.70817031193744,20,73
2022-11-14,Producto A,Juguetes,253.29255689299637,14,149
2022-11-14,Producto B,Electronica,61.36951613093574,17,112
2022-11-14,Producto C,Alimentos,17.502187447183662,24,141
2022-11-14,Producto D,Alimentos,189.69373521096153,13,181
2022-11-15,Producto A,Ropa,392.53421659705253,18,116
2022-11-15,Producto B,Juguetes,95.50425833499804,18,173
2022-11-15,Producto C,Alimentos,215.54592769401168,18,159
2022-11-15,Producto D,Ropa,276.62174096191944,23,90
2022-11-16,Producto A,Juguetes,101.88833922696163,21,128
2022-11-16,Producto B,Juguetes,170.59614068910278,14,196
2022-11-16,Producto C,Alimentos,459.6243411683311,26,71
2022-11-16,Producto D,Alimentos,103.38226279342499,19,103
2022-11-17,Producto A,Ropa,57.71459726292206,17,51
2022-11-17,Producto B,Electronica,335.5676554304122,19,150
2022-11-17,Producto C,Ropa,188.6375494847336,25,153
2022-11-17,Producto D,Electronica,285.7011572223438,24,82
2022-11-18,Producto A,Ropa,288.7182408525977,26,106
2022-11-18,Producto B,Ropa,231.58539904984184,14,103
2022-11-18,Producto C,Juguetes,352.18560592690733,17,95
2022-11-18,Producto D,Ropa,393.63257098621045,19,98
2022-11-19,Producto A,Ropa,197.35803222019766,19,89
2022-11-19,Producto B,Ropa,267.7138226817151,25,159
2022-11-19,Producto C,Juguetes,366.9270187767247,17,162
2022-11-19,Producto D,Electronica,285.35457389668727,17,55
2022-11-20,Producto A,Juguetes,356.7990717266451,18,95
2022-11-20,Producto B,Juguetes,104.73622446990557,30,61
2022-11-20,Producto C,Ropa,35.8277970281851,20,105
2022-11-20,Producto D,Juguetes,213.07268301448238,22,151
2022-11-21,Producto A,Alimentos,404.8243199637323,19,107
2022-11-21,Producto B,Electronica,499.6747771919171,15,104
2022-11-21,Producto C,Alimentos,461.17771632167694,19,168
2022-11-21,Producto D,Juguetes,425.75628286753243,27,142
2022-11-22,Producto A,Ropa,295.2509533792236,18,82
2022-11-22,Producto B,Juguetes,458.8081316304653,21,161
2022-11-22,Producto C,Ropa,112.5807156982084,26,92
2022-11-22,Producto D,Electronica,326.3419776474062,17,135
2022-11-23,Producto A,Ropa,327.88021804910977,23,130
2022-11-23,Producto B,Ropa,227.04599526648704,21,185
2022-11-23,Producto C,Alimentos,460.1861793540832,19,163
2022-11-23,Producto D,Juguetes,480.50685546758405,22,185
2022-11-24,Producto A,Ropa,212.7291198143616,17,93
2022-11-24,Producto B,Juguetes,429.7202744548345,19,189
2022-11-24,Producto C,Juguetes,458.55393871868466,24,171
2022-11-24,Producto D,Juguetes,237.9859903252024,11,111
2022-11-25,Producto A,Electronica,474.3069118987811,24,139
2022-11-25,Producto B,Juguetes,363.5100869836903,20,197
2022-11-25,Producto C,Electronica,195.55036288666395,23,57
2022-11-25,Producto D,Alimentos,331.83946323334,15,124
2022-11-26,Producto A,Ropa,247.26443828034442,11,83
2022-11-26,Producto B,Ropa,498.45614929790554,19,95
2022-11-26,Producto C,Juguetes,103.70864324729948,21,162
2022-11-26,Producto D,Juguetes,348.6418763263871,20,94
2022-11-27,Producto A,Juguetes,184.7383673084492,17,187
2022-11-27,Producto B,Alimentos,327.2846998293799,28,153
2022-11-27,Producto C,Ropa,377.310999350009,23,113
2022-11-27,Producto D,Alimentos,485.51488895320773,13,88
2022-11-28,Producto A,Juguetes,360.20108361324486,21,159
2022-11-28,Producto B,Alimentos,116.6729014400439,32,73
2022-11-28,Producto C,Alimentos,22.661096387805486,16,143
2022-11-28,Producto D,Alimentos,49.231067239193145,20,61
2022-11-29,Producto A,Alimentos,405.7366760858578,25,137
2022-11-29,Producto B,Juguetes,438.31346783265695,7,177
2022-11-29,Producto C,Ropa,424.2116880874761,15,124
2022-11-29,Producto D,Electronica,398.344486134455,15,130
2022-11-30,Producto A,Electronica,22.160433608123082,25,126
2022-11-30,Producto B,Electronica,281.764040693461,16,156
2022-11-30,Producto C,Alimentos,360.1355495856466,21,79
2022-11-30,Producto D,Alimentos,489.839012788213,23,55
2022-12-01,Producto A,Ropa,374.36523360470267,23,150
2022-12-01,Producto B,Juguetes,154.35563314082347,17,80
2022-12-01,Producto C,Alimentos,281.4452754403547,26,51
2022-12-01,Producto D,Alimentos,341.4713503112814,14,138
2022-12-02,Producto A,Ropa,285.43433248538247,26,193
2022-12-02,Producto B,Ropa,460.81870041343575,17,137
2022-12-02,Producto C,Alimentos,442.0373951229065,29,173
2022-12-02,Producto D,Ropa,337.8855362120769,19,82
2022-12-03,Producto A,Electronica,103.6204482797155,24,116
2022-12-03,Producto B,Alimentos,311.957918172,20,61
2022-12-03,Producto C,Juguetes,386.86279431857656,27,134
2022-12-03,Producto D,Electronica,472.7872070621986,16,123
2022-12-04,Producto A,Alimentos,411.1106828828229,15,86
2022-12-04,Producto B,Ropa,339.6846853934613,20,174
2022-12-04,Producto C,Alimentos,255.83259134314818,23,155
2022-12-04,Producto D,Electronica,410.99671428365616,15,60
2022-12-05,Producto A,Juguetes,282.3766989574901,23,101
2022-12-05,Producto B,Alimentos,336.22496773002996,20,177
2022-12-05,Producto C,Alimentos,297.8112356020327,12,64
2022-12-05,Producto D,Alimentos,304.9708629574817,23,64
2022-12-06,Producto A,Electronica,450.3124861787953,27,99
2022-12-06,Producto B,Ropa,53.498900808554005,26,137
2022-12-06,Producto C,Ropa,127.2912198076027,19,143
2022-12-06,Producto D,Ropa,367.41356987600483,21,179
2022-12-07,Producto A,Electronica,375.76154313998586,18,131
2022-12-07,Producto B,Electronica,73.85581416473255,18,73
2022-12-07,Producto C,Juguetes,74.53767225111399,26,75
2022-12-07,Producto D,Ropa,268.5140149884217,22,92
2022-12-08,Producto A,Electronica,350.1245104483561,18,187
2022-12-08,Producto B,Alimentos,403.4882087760612,19,81
2022-12-08,Producto C,Ropa,373.0327712937729,22,171
2022-12-08,Producto D,Ropa,154.40367124390872,21,101
2022-12-09,Producto A,Alimentos,158.35612773253828,19,122
2022-12-09,Producto B,Juguetes,277.09087230134617,13,199
2022-12-09,Producto C,Ropa,413.6347863370268,26,97
2022-12-09,Producto D,Ropa,129.38289897933564,20,164
2022-12-10,Producto A,Electronica,445.53899821277554,23,111
2022-12-10,Producto B,Juguetes,53.95345031727443,19,181
2022-12-10,Producto C,Electronica,285.9505503424379,29,137
2022-12-10,Producto D,Ropa,79.99449472004262,22,187
2022-12-11,Producto A,Electronica,442.28081124122536,19,118
2022-12-11,Producto B,Electronica,65.95005231619476,20,105
2022-12-11,Producto C,Alimentos,481.81690074723844,15,58
2022-12-11,Producto D,Juguetes,40.962256844512936,21,86
2022-12-12,Producto A,Alimentos,486.53602286049437,21,128
2022-12-12,Producto B,Juguetes,170.84499374589515,14,100
2022-12-12,Producto C,Juguetes,86.88946329824131,21,50
2022-12-12,Producto D,Alimentos,280.6375337133962,21,197
2022-12-13,Producto A,Ropa,391.38622224310376,21,59
2022-12-13,Producto B,Ropa,71.22871738116885,13,64
2022-12-13,Producto C,Electronica,134.78422635189895,14,191
2022-12-13,Producto D,Alimentos,317.6532747410297,18,113
2022-12-14,Producto A,Alimentos,410.8710424776567,21,79
2022-12-14,Producto B,Alimentos,16.282608260196856,24,86
2022-12-14,Producto C,Electronica,125.42730795130562,28,58
2022-12-14,Producto D,Ropa,246.29036286529,32,179
2022-12-15,Producto A,Ropa,106.64890642183823,16,121
2022-12-15,Producto B,Juguetes,427.9426596583036,18,123
2022-12-15,Producto C,Ropa,188.02806032224976,18,188
2022-12-15,Producto D,Electronica,151.53131309398162,21,123
2022-12-16,Producto A,Ropa,51.85015657605,27,91
2022-12-16,Producto B,Alimentos,229.93716916948148,21,139
2022-12-16,Producto C,Alimentos,466.4302895902738,27,119
2022-12-16,Producto D,Alimentos,259.002715108542,22,105
2022-12-17,Producto A,Ropa,437.6868147351269,25,72
2022-12-17,Producto B,Alimentos,202.49114747588717,15,126
2022-12-17,Producto C,Alimentos,219.4787032203983,23,108
2022-12-17,Producto D,Electronica,244.3589970804111,15,171
2022-12-18,Producto A,Juguetes,24.59734697598487,20,124
2022-12-18,Producto B,Ropa,111.36721895692102,18,124
2022-12-18,Producto C,Electronica,260.2346623791194,20,63
2022-12-18,Producto D,Ropa,246.86709589627205,13,177
2022-12-19,Producto A,Ropa,216.6693785487017,16,185
2022-12-19,Producto B,Alimentos,383.79547214977475,24,194
2022-12-19,Producto C,Ropa,427.22969900680783,20,188
2022-12-19,Producto D,Juguetes,115.52604859875815,17,185
2022-12-20,Producto A,Juguetes,456.30877122497935,21,97
2022-12-20,Producto B,Juguetes,94.36265739079806,21,53
2022-12-20,Producto C,Juguetes,148.07790727954034,22,107
2022-12-20,Producto D,Alimentos,36.19476917636089,19,77
2022-12-21,Producto A,Electronica,197.53730374570793,24,191
2022-12-21,Producto B,Electronica,12.309088505898167,12,190
2022-12-21,Producto C,Ropa,442.42260148338687,20,52
2022-12-21,Producto D,Electronica,411.50513317358144,18,112
2022-12-22,Producto A,Ropa,478.43022882477544,20,125
2022-12-22,Producto B,Alimentos,436.62901942501713,19,143
2022-12-22,Producto C,Electronica,426.7104489626747,19,95
2022-12-22,Producto D,Juguetes,39.734703785834334,19,124
2022-12-23,Producto A,Electronica,376.8493658729855,20,95
2022-12-23,Producto B,Electronica,422.8419090923828,17,138
2022-12-23,Producto C,Juguetes,87.1120758414561,16,151
2022-12-23,Producto D,Ropa,464.9687984524515,21,116
2022-12-24,Producto A,Ropa,179.35388276138687,22,76
2022-12-24,Producto B,Alimentos,417.3104444940718,24,142
2022-12-24,Producto C,Alimentos,271.44167244125396,16,171
2022-12-24,Producto D,Electronica,147.04018970775715,15,193
2022-12-25,Producto A,Electronica,452.245636273047,16,195
2022-12-25,Producto B,Alimentos,430.7884925485001,23,93
2022-12-25,Producto C,Ropa,312.27353042293896,25,158
2022-12-25,Producto D,Juguetes,433.080707115666,15,74
2022-12-26,Producto A,Juguetes,299.49977869879876,20,99
2022-12-26,Producto B,Ropa,48.38025702311704,23,63
2022-12-26,Producto C,Electronica,76.39231427513394,19,154
2022-12-26,Producto D,Alimentos,239.19685093358515,17,193
2022-12-27,Producto A,Electronica,233.01087320605703,21,138
2022-12-27,Producto B,Juguetes,17.435357532746632,17,160
2022-12-27,Producto C,Alimentos,175.53035122756637,18,123
2022-12-27,Producto D,Alimentos,265.65418063754817,34,142
2022-12-28,Producto A,Electronica,38.5548977646815,21,165
2022-12-28,Producto B,Alimentos,235.43141720630527,17,137
2022-12-28,Producto C,Alimentos,313.10672304533654,17,122
2022-12-28,Producto D,Juguetes,380.44207846929777,19,187
2022-12-29,Producto A,Alimentos,166.8539690928916,25,119
2022-12-29,Producto B,Juguetes,167.55549787495698,15,184
2022-12-29,Producto C,Ropa,335.40932886246657,23,116
2022-12-29,Producto D,Ropa,347.3166324475848,15,125
2022-12-30,Producto A,Juguetes,170.17769889724718,14,93
2022-12-30,Producto B,Ropa,440.93671982082725,19,65
2022-12-30,Producto C,Ropa,146.2903838199663,18,120
2022-12-30,Producto D,Ropa,235.82568028212947,22,81
2022-12-31,Producto A,Ropa,371.88412934319473,26,120
2022-12-31,Producto B,Electronica,71.8789015664388,29,113
2022-12-31,Producto C,Alimentos,139.75999767137623,28,169
2022-12-31,Producto D,Juguetes,117.33899479934283,19,132
